Mean_Power,Variance,Peak_Frequency,Spectral_Entropy,Max_Amplitude,Label
0.40203514036563287,0.40203142768097855,41.0,4.618970858494768,0.8962225293481686,0
0.4720028069561749,0.4719700836294246,53.0,4.766191338467779,0.9715698674450489,0
0.6659870181738464,0.6659617562639867,44.0,5.032002506621707,1.1539529935780208,0
0.6458035487552869,0.6458034294100673,58.0,4.333884231650312,1.1374511616682879,0
0.6010290850906265,0.60101329498819,59.0,4.8756745884685095,1.097150827488841,0
0.43025880512521186,0.43025744534059185,44.0,4.71740688075227,0.928707648479825,0
0.5482922719588995,0.5482566412811517,56.0,4.668520493091456,1.0409617061947882,0
0.3433278630978399,0.3433261312115044,42.0,4.470480433061433,0.828104417853127,0
0.5572115011685704,0.5572100300475286,48.0,4.732567189359707,1.0567990148645832,0
0.3696133526818002,0.36961236943689274,49.0,4.745861338309613,0.860691348628317,0
0.35226976246675806,0.35226310862144883,53.0,5.058415140688208,0.8395296909516249,0
0.604736184938772,0.6047361843711303,58.0,3.6610749754609455,1.100323647400646,0
0.3587289399112477,0.3587141755264539,41.0,4.846429476759624,0.8475139887078548,0
0.6324745764285931,0.6324707162685204,56.0,4.645411557464444,1.1244123495645477,0
0.6695209114825502,0.6695195211076318,47.0,4.673155191556366,1.1584505218551957,0
0.4551680807901009,0.4551680790291172,57.0,3.7483286514254353,0.9546814931948507,0
0.5371036665938743,0.5370987767351885,56.0,5.0100502384617105,1.0370384006809579,0
0.613711435405574,0.6137113865380275,48.0,4.01597389442213,1.108809929220441,0
0.36445275093613677,0.3644510837779485,48.0,4.503170785873987,0.8533217346045866,0
0.5401198551142985,0.5401106006060998,55.0,5.063817690019064,1.0395651957262817,0
0.3539636935599526,0.3539306688589461,47.0,4.630774652331131,0.841547404565333,0
0.3991056092717806,0.39909175754959414,42.0,4.842157417148423,0.8938180504983723,0
0.5458675968305003,0.5458361595738499,53.0,4.945845181780195,1.0443663932094942,0
0.4903654180181619,0.4903528522411441,40.0,4.991716613072898,0.9907419307188238,0
0.3444240426579103,0.3444240207710457,45.0,2.7970587995309386,0.8296984008856305,0
0.486265011385951,0.4862604536141579,56.0,4.7416803360146496,0.9860922153101093,0
0.41964756016554206,0.4196457072021002,50.0,4.848871057047568,0.9170178375188559,0
0.5673737316232739,0.5673734663029153,59.0,3.7905805798017553,1.0648087189303856,0
0.4145639812119416,0.4145331424889691,51.0,4.762688848209872,0.9104981487559145,0
0.33242374219110343,0.332404442964955,44.0,4.999393630163274,0.8149379511547781,0
0.5810959728865662,0.58109421325717,58.0,4.862494591701006,1.0790032123168118,0
0.5901331862133409,0.5901016667917894,47.0,5.007640342838501,1.0858267660559622,0
0.6007070639413375,0.600678027266017,56.0,4.806834822660373,1.097163832648519,0
0.37700782772329205,0.3769876000231588,58.0,4.7417671240411385,0.8690715121808107,0
0.5012249101879945,0.5011970947769455,60.0,4.689007628824173,1.0017631425252573,0
0.5787662513738796,0.5787507873423786,54.0,4.8667312340561155,1.0765372970955613,0
0.6351717652716246,0.6351706763993168,40.0,4.532963312092127,1.1284950813229118,0
0.4590982731475623,0.4590881873768941,57.0,5.083806880661132,0.9581942496911567,0
0.5428468250849525,0.5428236241254093,57.0,5.024873107325112,1.0414903722913977,0
0.3348466924342806,0.334833414968748,55.0,5.045577543335479,0.8179962711643832,0
0.45509313368357446,0.4550873809716271,51.0,5.010409929206924,0.9545366668664629,0
0.5169312978794328,0.5169035535422047,58.0,4.74157659324044,1.0176456371276055,0
0.5222420248880276,0.5222341672802943,55.0,4.817704736869347,1.0221849206553204,0
0.3556616275513283,0.35563440421794246,45.0,4.912254756914309,0.8428752267817772,0
0.39129510390079275,0.3912923832834425,52.0,4.941019649458388,0.8853435100884742,0
0.36393360510144535,0.36389711292546145,44.0,4.681911930368509,0.8530845496666798,0
0.49340301393960634,0.49339120570810885,50.0,4.847395942039343,0.9937717712378289,0
0.5123421062122794,0.5123125683953538,54.0,4.75954634091661,1.0132458413158671,0
0.44165605568555394,0.4416560556819581,43.0,3.1550597599981325,0.9403236311866058,0
0.4471441474852851,0.44711724155999655,43.0,4.830334595786268,0.9466500871727689,0
0.4689039923210065,0.4689032269525935,57.0,4.742097212443806,0.969329227970869,0
0.5177676028816568,0.5177675159928451,58.0,4.315747514388018,1.0184663317855465,0
0.5870583442231533,0.5870041381318615,43.0,4.837731742087309,1.0829540187287465,0
0.6862704131959984,0.6862555147417031,47.0,5.03043935784987,1.1718758550491108,0
0.5121510419601617,0.5121366495443576,46.0,5.037709770417887,1.0121601941220106,0
0.4489975136955108,0.4489429639976496,41.0,4.506827870500816,0.9481060307443421,0
0.3841655496443111,0.38416363259428726,52.0,4.562442412137595,0.8761924497737635,0
0.7101149610705277,0.7100425840522657,45.0,4.6050865570493436,1.191976121018914,0
0.3741241501301379,0.3741041146913572,60.0,4.710799763460988,0.8656038920615222,0
0.43097336296013944,0.4309467193108775,55.0,4.703371880913352,0.9291614318186137,0
0.33151484577304463,0.33151432903000433,53.0,4.205424572091728,0.8138467714991113,0
0.3709626470010391,0.37094664577622755,60.0,4.813512700213785,0.8621509726088302,0
0.5070786841814755,0.5070565554958965,42.0,4.849786807950003,1.0077393774070946,0
0.372877055335895,0.3728727172492807,56.0,5.037533041239968,0.8639556447176334,0
0.39990065659107765,0.3998999400685883,54.0,4.263133103032767,0.8938613740972602,0
0.3617756966448552,0.36176697277809183,41.0,4.801114623211893,0.8506566191331167,0
0.7112689164505202,0.7112380572586837,59.0,5.009834312148304,1.1921880133999512,0
0.3398196197644377,0.33980311003160524,42.0,5.017473970492754,0.8241380398601758,0
0.6539528450976487,0.6539288289994165,41.0,4.841529463538404,1.1441522435410474,0
0.3367918060415535,0.336776455476208,45.0,5.027410045528674,0.8204295340172356,0
0.4134897490599044,0.41348252460630874,47.0,4.794378279293909,0.9094192431776202,0
0.5574409673017778,0.5574405128763005,58.0,4.0076778177547245,1.0554049384405584,0
0.7011980980240461,0.7011975753004025,54.0,3.9377023276228647,1.1836544626482433,0
0.5661477371091771,0.5661476870963803,58.0,4.198536948608508,1.0649295844695528,0
0.635280063593035,0.6352575810885075,54.0,4.863928421037438,1.1281292000227088,0
0.4741207731439324,0.47410156912250545,51.0,4.856315025509318,0.9746344970833319,0
0.35442079415868305,0.3543961298352405,49.0,4.739014942160565,0.8428072233208223,0
0.6433972084321093,0.6433546737060012,54.0,4.796836680108646,1.1342775835796086,0
0.560352484670107,0.5603523952375137,50.0,4.1865679476370055,1.059572066848417,0
0.675652693782112,0.6756259878245455,57.0,5.042839778078449,1.1619498157442243,0
0.570344447757115,0.5703437452320703,60.0,4.180469478887966,1.0675720655220202,0
0.4117110347502493,0.4116782143042535,46.0,4.871344463595674,0.906942931494342,0
0.43372429425284986,0.4337182615252908,56.0,5.054243113968174,0.931678860122351,0
0.6389361771957698,0.6388988721944038,41.0,4.838604515625942,1.1315078523220028,0
0.7059386066952886,0.7059386046562813,54.0,2.1287688426627085,1.1884220772625484,0
0.7086365417139574,0.708636541672693,42.0,3.049320125785927,1.1910635247034596,0
0.4337299060073716,0.43369238696628176,44.0,4.7119740154294005,0.9324250321989197,0
0.4153656804889955,0.4153656763963369,45.0,3.604884004542286,0.9120564248343529,0
0.5359913021802681,0.535991253794423,48.0,4.040113584565566,1.0362370712981919,0
0.5942022134275691,0.5942022133213787,55.0,3.5242429171957674,1.0907121266675133,0
0.6177559565367469,0.6177519371531282,45.0,4.570698998564435,1.1109685583082742,0
0.5145246815340051,0.5145246755794005,44.0,2.0845118412776884,1.014232423944045,0
0.7180446720798506,0.7180008976564406,56.0,4.827612168118657,1.198230383297881,0
0.6850615205084689,0.6850592155644973,52.0,4.8221405624188165,1.1716630139541142,0
0.5041754308756242,0.504143766036172,57.0,4.6823687193251935,1.0045554412054885,0
0.6921184337889156,0.6921005635962656,56.0,4.870193115434697,1.1772684522004915,0
0.6280833652065418,0.6280749260779435,44.0,4.958629217016107,1.121605088117147,0
0.5507521158127654,0.5507440075247988,56.0,4.819667752161153,1.0497286132740682,0
0.32532287413132877,0.3253093002105508,59.0,4.828586592976068,0.8073839353867444,0
0.407726312028371,0.40770602744410567,55.0,4.989032790405644,0.9025919788121229,0
0.40441869764195143,0.40441698457703906,51.0,4.852044759774337,0.9002094636594423,0
0.7033640776669037,0.7033610407630916,53.0,4.875172087679646,1.1868901255802857,0
0.6719359982456317,0.6719359966603179,49.0,2.785069523276782,1.1596416692364822,0
0.47298208384678664,0.4729519582920371,54.0,4.7025157598604554,0.9734198121118471,0
0.5029393546264831,0.5029011159064137,48.0,4.859112068433534,1.0024868719030533,0
0.7073526641846001,0.7073290200035659,56.0,4.8668565915898085,1.1903944877856778,0
0.4356094755919109,0.43560269608980756,60.0,4.845050094385318,0.9336985166456111,0
0.5117029823368191,0.511701866708471,60.0,4.378785281959157,1.011209365597545,0
0.4390137257061252,0.43899362183467694,53.0,5.022498191752035,0.9365749833022383,0
0.3910288755351893,0.3910237353109708,50.0,5.00702452225575,0.8848160022682354,0
0.5572682793245537,0.5572626355261071,48.0,4.701727997003207,1.0554262929043101,0
0.3895253184909461,0.38951853421160154,43.0,4.766593904845525,0.882533290135819,0
0.3403588440696689,0.34034452208295213,52.0,4.85131157455948,0.8258164789559296,0
0.6063321908713152,0.6063199962554281,57.0,5.081773483684335,1.101251104821619,0
0.5258890860652243,0.5258673533587203,43.0,5.026788997622663,1.0253694235361308,0
0.6077294285878582,0.6077294078792809,48.0,2.5484605221081167,1.1022007472609496,0
0.46248959893945246,0.46248935619104886,54.0,4.485260319128557,0.9626820381046516,0
0.3860696843997923,0.386044434379711,56.0,4.718188522719261,0.8788997499388616,0
0.7063635510931613,0.7063635509530907,55.0,3.3741986058751685,1.1891413904393904,0
0.555615204238085,0.5555689613002046,47.0,4.803864390114571,1.053790843723073,0
0.6752900667399502,0.6752887798434861,48.0,4.227187079678375,1.1614555112052378,0
0.32889049581703816,0.3288904952153496,49.0,1.4879275850071543,0.8109698750291872,0
0.5702497347679567,0.5702236344118173,54.0,5.019306161304456,1.067422836346921,0
0.5579524688255293,0.557952384620264,41.0,3.1348159771333712,1.055884415355981,0
0.44660147666867694,0.446572472552671,40.0,4.988444221436902,0.944573794187419,0
0.5747505856294894,0.5747491327657909,53.0,4.369007919729061,1.0716192769899855,0
0.5545878298252216,0.5545501605409318,51.0,4.718566639812258,1.054182821321749,0
0.5756149045090297,0.5755482056430303,41.0,4.6346238076055855,1.0728976718168557,0
0.5753240442684703,0.5752888369800992,56.0,4.8214049721814956,1.072578419634673,0
0.45067998477599136,0.45067489923271176,42.0,4.674390877189362,0.949010923666782,0
0.36828753207844434,0.3682875317932062,50.0,3.4733732201993277,0.8587143625437036,0
0.39538273543434516,0.39535808324020344,54.0,4.872743049683963,0.8889864051614619,0
0.5885855674153085,0.5885767151227588,50.0,4.789717715493692,1.0850131285806859,0
0.4107586574759643,0.4107586537666667,55.0,2.03366753087286,0.9062500285450644,0
0.3237903699899449,0.32379009805324505,41.0,3.8460025363150665,0.8041817420019693,0
0.7126994504984576,0.7126420350415688,49.0,4.7441743278308595,1.193798894954593,0
0.6226973367335311,0.6226972668324149,41.0,3.007075106604149,1.1155062119674772,0
0.4651829064211781,0.46515861026804406,59.0,4.908011647408539,0.9643082992027738,0
0.6070039541102425,0.6069640792776628,48.0,4.776493973491759,1.1030302688018838,0
0.6339986028945523,0.6339971467837868,43.0,4.6398536850726835,1.127378450526707,0
0.6584324004761085,0.6584324004674151,45.0,0.8008225804872109,1.1475373040852523,0
0.6683532398742065,0.6683239277441454,58.0,4.821393060810674,1.1572663684548468,0
0.3765664901069686,0.37656375522786195,57.0,4.988748586785846,0.8684056552891017,0
0.36316785642998123,0.3631659125190307,52.0,4.900746039779735,0.8530001013257007,0
0.5454585534751946,0.5454157354382492,51.0,4.61878876777145,1.0449257385411073,0
0.37297122102139385,0.37293892431974246,46.0,4.798717668136077,0.8633690638395318,0
0.3509776940016214,0.35095856623413385,45.0,5.007789054629998,0.8373974559694591,0
0.586278028695851,0.5862459038238743,42.0,5.008119202117342,1.082365763575253,0
0.6685855928747871,0.6685848650428488,45.0,3.992788789645656,1.1556392264492292,0
0.6038520760550501,0.6037925233569749,40.0,4.863886126319036,1.0981690535634652,0
0.5285130400040031,0.5285129849572536,55.0,3.0956141036458833,1.0277923284649273,0
0.3252974806218096,0.3252965833847804,51.0,4.378834194761229,0.8061727675486096,0
0.7122470992971796,0.7122409685152016,58.0,4.73680151739579,1.1934380513576106,0
0.4121256522485374,0.41212121754230635,44.0,4.6819061589620095,0.907556634401655,0
0.44126504901228736,0.4412648246627347,54.0,4.478856175886049,0.9403313303016195,0
0.5712393433830327,0.5712136809827423,43.0,4.851087569690908,1.0696711662263378,0
0.3685810763254663,0.3685667390108797,49.0,4.859161599948029,0.8592699314120879,0
0.7165790119348491,0.7165070714138776,44.0,4.678524885286647,1.1970646262835563,0
0.4215884514258555,0.42158837332808174,51.0,4.2323192834172465,0.9190676459615571,0
0.7130801895701451,0.713056560042756,50.0,4.86269075829427,1.1950366046382073,0
0.7031201537026783,0.7031201402994859,49.0,3.7875532592343935,1.1866828690159796,0
0.44780909994356755,0.44778671318621743,60.0,4.753021068093052,0.947151790629122,0
0.5037474052100709,0.503746870832685,49.0,4.025862299257574,1.003174530136958,0
0.5326385540656916,0.5326385539768271,43.0,3.038340998317171,1.0326019591693787,0
0.5585879640671191,0.558532101430289,44.0,4.688818037390275,1.0568581443908667,0
0.6045773486228511,0.6045698058507549,60.0,4.815057556874576,1.0998148112852473,0
0.5870864533072773,0.5870746655004421,43.0,4.788973602919365,1.0835772616471775,0
0.5345559466402213,0.5345264891680388,58.0,4.882209921121067,1.0337595243119853,0
0.3358044300086502,0.3357893704191008,57.0,5.011035356374908,0.8191413384531837,0
0.33297191119325326,0.3329717596201002,52.0,3.718729763812816,0.8156702421610761,0
0.4244841621430934,0.42448404316916843,44.0,4.201948396647941,0.9223153772292615,0
0.45785896009768845,0.4578312899432987,44.0,4.82584314662463,0.9579485595342959,0
0.3756765705585133,0.3756557781006383,53.0,4.787209653115156,0.8676097073972253,0
0.4625689681517831,0.4625688067076031,46.0,4.283261030674444,0.9628066328753925,0
0.6659176766397435,0.6658916032187032,58.0,4.845961797711442,1.1551270321832119,0
0.5364346799766615,0.5364344406392788,55.0,3.737380237516802,1.0353359850492165,0
0.3868554895936448,0.386823551712263,46.0,4.84501724171996,0.8791881239096138,0
0.5591425087183179,0.5590855621115379,45.0,4.577162100207799,1.0578318019763935,0
0.6380754315005406,0.638022612359787,48.0,4.76178555567717,1.129468733720107,0
0.5147925139252416,0.5147781511191234,41.0,5.005613968928438,1.0149887925106944,0
0.41414386788535074,0.41414127545047263,48.0,4.588191001305282,0.9097043963116989,0
0.6435670529201966,0.6435322370684937,49.0,4.998645400527378,1.1338446140566418,0
0.4364143107838314,0.43640631846051214,49.0,4.812942675681948,0.9343155337775231,0
0.5930347866890506,0.5930347583328397,53.0,2.7296086508243684,1.0887872610562064,0
0.46382038193265057,0.46381477042720337,47.0,4.972562011070334,0.9637893496949093,0
0.6046864777581498,0.6046864627097563,57.0,3.975239289666792,1.1004774921131182,0
0.7200026232775628,0.719967154592594,57.0,4.975527488871439,1.1994797790591858,0
0.4232581165456267,0.4232210869142794,48.0,4.588513099502768,0.9206059697176894,0
0.6722145705366815,0.6721803909438554,58.0,4.946494868338408,1.1590357836168683,0
0.4402571347271726,0.44023652965602994,44.0,5.023835804967117,0.9380259839997883,0
0.3688856902576961,0.36887234629468546,56.0,4.860793723109541,0.8596903528414842,0
0.624929185063899,0.6248941443009198,60.0,4.691107324623115,1.1184981564828476,0
0.6514832855531613,0.651483121200911,47.0,4.231009894160964,1.142570187382916,0
0.4411647054522978,0.4411461978781232,46.0,4.855195389078567,0.9400612828146838,0
0.6831185728786292,0.6831184618575644,60.0,3.334226610304553,1.1684812783598655,0
0.6498493428016713,0.6498363847150476,54.0,4.847052681473482,1.1404147345024225,0
0.6813070427672744,0.6813065859243206,54.0,3.895542844522504,1.166752511738808,0
0.4061566967389144,0.4061330032381845,58.0,4.686063802472372,0.9018491792170087,0
0.6352112935843963,0.6352057275195141,50.0,4.685657093224364,1.1268344534095927,0
0.5956328435825035,0.5956328169053589,46.0,3.8704579579320306,1.0923015110805472,0
0.6997069719056376,0.6996462812566281,50.0,4.980906153015892,1.5718665458827392,1
0.4756439410330002,0.4756389093917942,53.0,4.833226709237568,1.3373256199014985,1
0.4707140707090293,0.4707120367492921,57.0,4.440319741589332,1.3250128679446997,1
0.7648282157556202,0.7647701823873628,41.0,5.124738202947974,1.6309617831545773,1
0.7538862593143917,0.7538525659794025,55.0,5.164814268130057,1.6190972608606777,1
0.45383387715224344,0.45383285196677986,47.0,4.7866899770713065,1.3062285272942962,1
0.7438676711664834,0.7438160996040396,54.0,4.911306596692617,1.6096633918017045,1
0.5935894139909338,0.5935784692127896,53.0,4.79512842340347,1.4535718277497809,1
0.5253249835170289,0.525321234649918,49.0,4.741685272121323,1.3932176455159129,1
0.4929190283713295,0.49289600536080624,54.0,5.239850771569581,1.348462897764973,1
0.8074232631247904,0.8074123999276749,48.0,5.291281636814821,1.6646728441902319,1
0.6074813273917556,0.6074331954295651,54.0,5.1195500298084085,1.4808962123610256,1
0.5693149393353922,0.569291546388502,43.0,4.780991981886817,1.4408946200102055,1
0.5740231876674241,0.5740086538581571,53.0,5.320135140476691,1.4471169861266466,1
0.46382653389525547,0.4638038260203348,47.0,5.048422832862136,1.3217180788641232,1
0.741278598803039,0.7412342016905733,54.0,5.257164187779699,1.6089752742104786,1
0.5556403304018805,0.5556402701571098,51.0,4.210368441466629,1.4266352586475648,1
0.5641211804927134,0.564097239030728,45.0,5.126761097225398,1.4371089076000012,1
0.7078001223802656,0.707786256614509,46.0,4.890549575900051,1.5792990833514646,1
0.6237924222712414,0.6237907527535661,44.0,4.950331506480255,1.4973072979418398,1
0.6480862789662246,0.6480508648511655,53.0,4.742628070834726,1.5219684273623388,1
0.7663630977355275,0.7663210207431764,55.0,5.172716367967429,1.6313903493573467,1
0.5799751944865996,0.579974927856151,42.0,4.837396727126425,1.454263940648339,1
0.6021717427331631,0.6021222285362282,51.0,4.979918144137529,1.4745821073326315,1
0.6920153799882183,0.6919710374688516,55.0,5.053752983516311,1.5647910902298523,1
0.8213099014138575,0.8212442820197039,46.0,4.687125217339629,1.676342952825936,1
0.4729153535318854,0.47290606737156077,59.0,5.119693940638686,1.3342044804154252,1
0.7219054973376301,0.7218486294170378,42.0,4.933610622337033,1.5903709068226297,1
0.819721856356957,0.8197142989211988,56.0,4.989842254577857,1.6800336023695075,1
0.7383320535327041,0.7382581699469454,47.0,4.931869146548321,1.6069476225712251,1
0.67071957748993,0.6707174385016076,43.0,4.593283960050741,1.5425268199309876,1
0.5588949493082435,0.5588468303523603,41.0,5.0450359849868445,1.432852720124538,1
0.6726449155563607,0.6725954285972782,46.0,4.939360413522575,1.5470097900259516,1
0.6438441317167484,0.6438358561368656,48.0,4.859758122626996,1.5192473830263293,1
0.6376216816444313,0.6376215182863475,47.0,4.658199485375032,1.5132935740489446,1
0.6582119740081066,0.6581599571255123,49.0,4.831906217251648,1.532129552794882,1
0.46416635042751736,0.4641393834811761,46.0,4.708094728823851,1.320692168425436,1
0.7392410567706312,0.7392004206292028,41.0,5.100454785758716,1.608333502326226,1
0.7522836971028046,0.7522736981854182,57.0,4.681887338698607,1.617121495796653,1
0.5037255733510463,0.5037000862519899,46.0,4.799842661783217,1.3683644580364276,1
0.7960346083544095,0.7960103187523151,56.0,4.709598817329233,1.6573909117461008,1
0.6001203243381708,0.6001177833934285,57.0,4.755991152313522,1.4692297264329004,1
0.5499067621039405,0.5498637168441217,47.0,5.207408752827202,1.418078693145174,1
0.7471802953187996,0.7471775621426925,47.0,4.700406972012385,1.6164643348374752,1
0.5491645584428113,0.5491644962753098,56.0,4.7307803321070026,1.4187207509600557,1
0.4511276387410519,0.4510942900938217,44.0,5.304724561566234,1.3074003676615775,1
0.4992344914568596,0.4992194605795192,48.0,5.0105753294517745,1.365553491429574,1
0.6566303184788298,0.6566151849568225,54.0,4.71658589149629,1.5268994780632832,1
0.5523023527801408,0.5522805904666811,52.0,5.247694365058549,1.4208456717658495,1
0.5364780527841981,0.5364607636227159,54.0,5.370433896044462,1.4068487308916797,1
0.4452044691240334,0.44520399017585943,41.0,4.200243165578422,1.3007805236754257,1
0.49514562544264756,0.4951393489047312,47.0,4.85215575847333,1.358275841254444,1
0.6820772992959055,0.6820341202244954,51.0,4.986055779055386,1.5539127612989883,1
0.682632058244231,0.6826033459092118,52.0,5.2892392057472515,1.5502515098660257,1
0.7176989054078452,0.7176756655414108,46.0,5.3631744284555705,1.584746554148714,1
0.5848744050792649,0.5848672766145894,54.0,4.830017218012417,1.458038659567194,1
0.7682330966156683,0.7681674826502488,44.0,4.8530825572721685,1.6331175323991054,1
0.7849672735646093,0.7849618603943467,54.0,4.720345531461236,1.6463430381374113,1
0.7576692391926066,0.7576549914088742,49.0,5.018403245996481,1.6204593917563141,1
0.5978866303664079,0.5978733371349951,57.0,4.954573084653461,1.4554247984786528,1
0.7570915445087515,0.7570423493856483,46.0,4.989877818101412,1.6225490172536299,1
0.8018063541941418,0.8017662030305697,56.0,4.629891300151571,1.6630702108974433,1
0.4659964913310758,0.4659761981444524,55.0,5.11544829459944,1.3265646797284165,1
0.7054771402305123,0.705445760032917,56.0,4.793203969502596,1.5776101630265782,1
0.6158690233253453,0.6158636154092235,60.0,4.535691442224932,1.4869037543672081,1
0.8072856274192179,0.8072764467419224,59.0,5.289779903061926,1.6640690585197897,1
0.7212699920305047,0.7211954572318369,42.0,4.996062720351818,1.5925411144057358,1
0.6176398718423605,0.6176389158781317,57.0,4.5027695098420075,1.494781857617441,1
0.6796361631437419,0.6796361285919655,56.0,2.9814890720895235,1.5530246299861425,1
0.6218518771636211,0.6218196880951404,49.0,4.977328552911882,1.4948769254798173,1
0.5691706350360399,0.569116531066878,46.0,5.188606399500765,1.4396116092825029,1
0.5023659623097384,0.5023218867692401,45.0,5.099077037499612,1.3675031857432447,1
0.6863057976902734,0.6863016415164409,44.0,4.629329255569237,1.5573647458723212,1
0.6839060807095163,0.6838377575875692,48.0,5.032681154144319,1.5473438680222698,1
0.6470957344017927,0.6470629877140398,46.0,5.049974795123128,1.515854602699919,1
0.6359079163970383,0.6359051569548212,59.0,4.394963391723541,1.5047239023277936,1
0.7705961795482477,0.7705440171600371,54.0,5.049266282950299,1.6353877336215341,1
0.5435051209695313,0.5435051194466787,46.0,3.619734278232585,1.4146160354493522,1
0.5156954213696567,0.5156890966647565,48.0,5.035902650032956,1.3830857702211392,1
0.8293890966876192,0.8293756285406414,50.0,4.69924220868947,1.6834409704561868,1
0.7147764796417841,0.7147634669103481,48.0,4.646144453777724,1.5844149717615823,1
0.5957667902646657,0.5957214289403007,48.0,5.109871154151116,1.467870967440048,1
0.7475842362827855,0.7475574687075691,49.0,4.68502866468668,1.614961175300302,1
0.7767937909444623,0.7767652279850094,59.0,4.8855588296534,1.6275534512783785,1
0.6687824628025052,0.6687824604683947,55.0,2.2852621925023726,1.5345824782269162,1
0.7505000509348362,0.7504782951863415,52.0,5.220068951556232,1.6169905594410776,1
0.7043087308664006,0.7043082902991127,50.0,4.130113899121548,1.5778840380962222,1
0.7872293328660184,0.7872138742894954,47.0,5.307159178392501,1.6494613724352407,1
0.672667208211033,0.6726670808132221,55.0,3.5445863806724125,1.5459432355807048,1
0.5319740396165726,0.5319614376149983,42.0,4.985335732703674,1.4018458383881165,1
0.742459315941672,0.7424258269716619,56.0,5.120074879389073,1.6096746480740327,1
0.590950793500105,0.5909215461303595,47.0,5.3606458210589025,1.4626980746096285,1
0.48063896850371257,0.48063710202791543,53.0,5.138927723715154,1.343814939704601,1
0.513816203377198,0.5137849594615234,49.0,4.797954948608375,1.3813472279853278,1
0.4906014418513753,0.49057791019199476,50.0,5.357561566590877,1.352662587463726,1
0.6208679801708863,0.620867306543288,45.0,4.356781762493501,1.4961281963511937,1
0.666569046908566,0.666520167921919,52.0,5.192881174102001,1.5381197713602566,1
0.5731591119361026,0.5731384361626463,42.0,5.330734830566013,1.443748508108785,1
0.6595265328545789,0.6595032576991475,52.0,5.269909415535995,1.5314516734299417,1
0.7384472679920223,0.7384364395557348,59.0,5.312593140028493,1.6049059599678968,1
0.6843175962919822,0.6843166480230373,51.0,4.365216069958813,1.557488288258238,1
0.8256135708250677,0.8256056427799964,57.0,4.645188260800215,1.681515006108468,1
0.7788236599171812,0.778760010394308,49.0,5.009843656823866,1.6433687772043362,1
0.49311100998149215,0.4931098517121426,43.0,4.287177065287578,1.3582349845868298,1
0.823570536021377,0.8235704369540288,60.0,4.12660022374467,1.6791442474832632,1
0.7424554913309015,0.7424181011200479,52.0,4.9056728512862025,1.6112492324523466,1
0.5723844647202482,0.5723655462610384,54.0,5.3766330792538675,1.4436985458510663,1
0.7040459698830551,0.7039761603472734,43.0,5.018218461555744,1.576700435112551,1
0.6277487424012915,0.6277472431499149,41.0,4.434644641531698,1.5015898258281348,1
0.7405982157298836,0.7405974359931712,51.0,4.427037825991835,1.6104166429923183,1
0.7501850376985659,0.7501847780140619,43.0,3.7468943972227278,1.6156496178655178,1
0.5861589510914367,0.5861371171406129,57.0,5.258520287952278,1.4605650626506474,1
0.686316217925347,0.6863036511665758,58.0,5.264118062382499,1.5557670029505761,1
0.5720072326476174,0.5720005666297052,44.0,4.941759109299314,1.4455297951402093,1
0.8349782160772485,0.8349700050035116,48.0,4.73709649379478,1.6896975731382242,1
0.6436076662008569,0.6435713978855517,53.0,4.850734868522373,1.5177334401062528,1
0.5870045967595574,0.5870043267144123,41.0,3.9746225961423463,1.4583652745227522,1
0.6653542549878234,0.6653538151230517,49.0,3.7952856716560674,1.532091714815811,1
0.6925009287700695,0.6924917770711632,47.0,5.195520006297246,1.5656111998905478,1
0.4708815913744214,0.4708742092177194,57.0,4.878618264012884,1.3332856899482004,1
0.6085335456763669,0.6085118425222895,54.0,5.05204111881349,1.4816475380257195,1
0.7701537890623997,0.7700880866299412,42.0,5.22663647741889,1.6337986736407515,1
0.5346515811903094,0.5346182022366304,51.0,4.860383406455107,1.4014484602208677,1
0.7782695319333609,0.7782023944576166,48.0,4.819667252115634,1.6423319070642632,1
0.8448636345923105,0.844863258413588,52.0,3.978977089917522,1.6980088584847035,1
0.686343843708253,0.6863416841004002,48.0,4.508875591170174,1.5581813261196156,1
0.47352902983419404,0.473524675599485,59.0,5.083789781261766,1.337384496442113,1
0.471009098046236,0.47100888621173326,45.0,4.362701507946983,1.3289177802416205,1
0.5095049667200288,0.5095010028323305,52.0,4.759917670429457,1.377384535885386,1
0.7922442691066885,0.7921550872859341,45.0,4.992620975895857,1.6528581377706295,1
0.7344005383361769,0.7343951351548386,48.0,4.591611148203681,1.6011760377183777,1
0.5964812583156774,0.596477320890006,57.0,4.974947754681488,1.4707692370216559,1
0.6198093902408867,0.6198064389582513,56.0,4.636420022056335,1.4790806746707519,1
0.6158473720241864,0.6158242075717207,51.0,5.044719104102727,1.4871910102808563,1
0.7281212427447452,0.7280638526330023,50.0,4.846458020629532,1.5977665799485767,1
0.7393919009351494,0.7393274887849226,49.0,5.161590867246034,1.6052530515843013,1
0.8386612621906515,0.8386202660704071,49.0,5.1694775012250265,1.686425460691577,1
0.7008741877857997,0.7008703321592171,58.0,4.748719010514119,1.5710253234934535,1
0.4576928295562427,0.457688660430472,59.0,5.290462942225082,1.3142666972977521,1
0.4640909710069609,0.46409071890508974,47.0,4.700849556416523,1.3159848743059683,1
0.7422817961100688,0.742246327121441,45.0,5.006152908213805,1.6075208153062488,1
0.5694219488837562,0.569377353991176,48.0,4.900353755000065,1.4420737824499177,1
0.7916785476233923,0.7916464310150746,49.0,4.984267562194624,1.6534913485657694,1
0.4989651478749319,0.498963840635202,56.0,4.725981363753137,1.3624120543771523,1
0.5822809363462504,0.5822206602316691,42.0,5.225288239688657,1.447381621746041,1
0.6791644957117162,0.6791137322584382,51.0,5.106359313064139,1.5507781365497921,1
0.6492638290822493,0.6492188208087625,49.0,5.0793472824301436,1.5240680359250363,1
0.45372889298039315,0.4536995189661279,49.0,5.270520669560246,1.3080410038051027,1
0.48744260338755124,0.4874154392584369,46.0,5.030254181971857,1.3530040510114376,1
0.5171540831612492,0.5171412117490722,51.0,4.897484600450291,1.3824277141974224,1
0.48469273761131537,0.4846871095119234,50.0,4.85954165234066,1.348809891536507,1
0.5216124509439012,0.5216117473469476,54.0,4.429601595628546,1.3916917333630172,1
0.5532377746433025,0.5532153183394337,59.0,5.3055669055312205,1.4246551505530778,1
0.7146074923528964,0.7146074557763553,57.0,4.184677240976325,1.5846771495795804,1
0.4466814680988251,0.44667230775646055,46.0,4.859446302326649,1.2991075703407762,1
0.7901723465838912,0.7901080604169068,44.0,4.683871302453111,1.6536000584381882,1
0.6669396893670303,0.6669370785465153,43.0,4.474630494231871,1.537525109952468,1
0.5259054343939291,0.5258725129181023,49.0,5.083969097095861,1.3956850499937836,1
0.5295415726705345,0.5295064574583291,58.0,5.1711751316418155,1.4000647557227612,1
0.6624074573309418,0.6624008566825895,56.0,5.307699641377043,1.5317893292068816,1
0.5833936628354117,0.5833923962620713,49.0,4.5755932130837715,1.451939193110842,1
0.44463718944610964,0.4446160414605276,56.0,4.938688518362558,1.2992904200974729,1
0.8268752285495282,0.826828127797731,44.0,5.204131439630933,1.682712502982504,1
0.6959948270696157,0.6959347646440219,44.0,4.7200074895554724,1.5658167314333595,1
0.5384522719545225,0.5384229021943799,57.0,5.134725997880597,1.409750075350901,1
0.6256461810088201,0.6256348174421256,53.0,4.68314337796501,1.4989637471716064,1
0.5587415051616026,0.5587412409565803,47.0,4.83140582257113,1.4310512564012479,1
0.49208079628019036,0.49206732396747216,56.0,4.671231435141303,1.3541727272622102,1
0.4757996265678578,0.4757981010921325,52.0,4.628895175607591,1.3368252725732839,1
0.5800259230274578,0.5799912125716074,49.0,5.160205082307501,1.4253460232273825,1
0.5990653408845996,0.5990653153445817,41.0,2.787597936251622,1.4723178994716424,1
0.677098343330872,0.677092991894163,41.0,4.69300732666283,1.5487355330674553,1
0.6495662715022824,0.6495197954551132,43.0,5.176320466424725,1.5211374578275594,1
0.4653090599319642,0.46527716875424163,42.0,5.036446729852658,1.3255098973249817,1
0.7436944964872595,0.7436891210649785,56.0,4.795727440292838,1.5919996516777055,1
0.6870452155456435,0.6870405730203886,48.0,4.808580567561833,1.5539048167069263,1
0.7658954489950738,0.7658789865855441,53.0,4.937696974804258,1.6302803012088667,1
0.5089642914612345,0.5089229908367021,55.0,5.056888853099415,1.3742890756468975,1
0.4676074414003265,0.4676059899766799,47.0,4.638755684171486,1.327308339125755,1
0.8232259055827257,0.823224640730134,55.0,4.638465192180661,1.6801177911539034,1
0.7393563668104997,0.7393057574932954,52.0,5.1089747256664335,1.6050937813008737,1
0.6341256173580742,0.6340782010608877,45.0,4.840015586813301,1.5091556531086447,1
0.5835066836759236,0.5834712891622192,42.0,5.179721646151815,1.4513138682502853,1
0.48279861721557793,0.4827906541451897,46.0,5.198395330774709,1.3447177261553065,1
0.4521072336650828,0.452107233658548,44.0,3.442079882232626,1.3081654216107494,1
0.647608508576401,0.6475691553266303,43.0,4.857501821011124,1.52234420661891,1
0.5907460858071348,0.5907376855805921,50.0,5.019776640036058,1.4635543935035633,1
0.49722732929874985,0.49719384219985946,50.0,4.943549436733438,1.3610505027616036,1
0.6125882990355492,0.6125797865815089,56.0,5.297403936478879,1.471641274817494,1
0.5143712122215873,0.5143693887676966,57.0,4.693167526502192,1.3820680209509129,1
0.49189763050165564,0.49186821418948756,45.0,5.117004414679707,1.3574489971463644,1
0.747796684640037,0.7477961233331389,41.0,4.691125381261692,1.616684466367929,1
0.6919780524670478,0.6919727081658935,46.0,4.949797930655356,1.5610987070256808,1
0.5782622977040656,0.5782184178311379,46.0,4.479012867978836,1.4509362525651008,1
0.5286074362759419,0.528603577825274,58.0,4.86362123944209,1.3995707442943779,1
0.6626074978768076,0.6626069162042914,51.0,4.206785694961079,1.5342963911818477,1
0.6950072967992725,0.6949790196096929,60.0,5.099014429889756,1.5586075620372901,1
0.5617167218041292,0.5617102024787917,49.0,5.085330798496906,1.4332669177839654,1
0.5822027924638061,0.5821910360489094,50.0,4.830394710118506,1.4541289061979497,1
0.8190245761107587,0.8189779103210176,52.0,4.819765454425019,1.6773374480504755,1
0.6318411756954437,0.6317266559270996,44.0,6.615888424835661,2.2233123623271585,2
1.0387593245806948,1.0382460516896677,58.0,6.6105522346219185,3.0467880500991282,2
0.6544650057213518,0.6544629932059124,51.0,6.488574513721197,2.140687722156912,2
0.584438573810477,0.5842885130115447,59.0,6.6132820394971805,2.1561082131846447,2
0.6665879817544742,0.6665867742658977,56.0,6.6580887283503944,2.288145618460129,2
0.9945518633150621,0.9945250295229823,49.0,6.571038611528932,2.718976085861128,2
0.9436273627600908,0.9434465112506032,52.0,6.6247057626652905,3.025520453655404,2
1.0066732977215374,1.0065830501784727,54.0,6.612403294149156,3.2367779397706995,2
0.771300012758416,0.7712565792373416,48.0,6.631253490061049,2.565394512179753,2
0.7564507640221748,0.7560096124219988,53.0,6.530097054465191,2.3404486020060737,2
0.6002302692125422,0.6002255372089619,59.0,6.595079335505957,2.048445035653771,2
0.790170955487193,0.7884827189750676,47.0,6.653551030240374,2.5574781219370455,2
0.5574045257632787,0.5573993012437911,42.0,6.5674204449166,2.321715280009691,2
1.0269143407593861,1.026504700947337,42.0,6.646717873268889,3.5801669894958983,2
0.5746315052702522,0.5742709604798407,57.0,6.602472347291357,2.1049462140026334,2
0.836438641782976,0.8356660511779307,57.0,6.515557940978225,2.5256147041554238,2
0.8473244631926171,0.8464982527917978,56.0,6.654565985195642,2.9854506612042564,2
0.8057109673386145,0.8055672902449084,47.0,6.563422042734984,2.422824199133121,2
0.6158119811926501,0.6158054834095805,44.0,6.486191620145014,1.9246872641089685,2
0.7015210599253415,0.7007729799802724,52.0,6.590436208211314,2.6590852626685644,2
1.0210685912015949,1.0207537827522588,56.0,6.58790808642892,2.7275044310555456,2
0.5442064395709126,0.5442038465985243,57.0,6.588975262392401,2.1641383435218087,2
0.6316041552091001,0.6314994801583625,52.0,6.52681975335816,2.2440591196106676,2
0.9226057352230149,0.9225899143747384,57.0,6.54895504442554,2.486263166271525,2
0.6655964943261827,0.6655864173452393,48.0,6.4315429435831675,2.3296329180430417,2
0.8781501396527482,0.8780705633563588,40.0,6.525078583650609,2.406550515357967,2
0.9878229660894672,0.9878066245477193,45.0,6.589612025454262,3.0498644460032382,2
0.7869927303034466,0.786387994573401,51.0,6.675996631039524,2.6596633810511627,2
0.5754278215558766,0.575391089442854,44.0,6.569202759197211,1.9353505713455235,2
0.5325412812239625,0.5323767853402519,44.0,6.488484624932042,1.9821805074506864,2
0.74231834953746,0.7421995598121652,46.0,6.648508037882643,2.449287309523834,2
0.7187540313058424,0.7187049350177281,42.0,6.5627877286174385,2.6143145513031634,2
0.9342785239549607,0.934148297848087,59.0,6.622375958046428,2.4550277546892127,2
0.5700304550027901,0.5700216286563052,55.0,6.456523404953476,1.9441115306553143,2
0.6815110588207864,0.6814850730180992,46.0,6.430965441798131,2.148706367794192,2
0.77684626389976,0.7766672042196772,46.0,6.552600623119579,2.2711559907463097,2
0.7473246289851584,0.7472452674020356,46.0,6.585596037454216,2.5757467329580743,2
0.9038694595777327,0.9033762757456069,53.0,6.539288976479275,2.333733968405684,2
0.8719736784842098,0.8711514481413162,42.0,6.632959387613328,2.764993889503628,2
0.7707335818757621,0.770639652167835,46.0,6.508069072555985,2.361664761839064,2
0.6229609744292156,0.6229355237734195,48.0,6.570457720413967,2.253464639543675,2
0.6056386722377907,0.6055976217949759,47.0,6.5961019688067655,2.0100901079415525,2
0.8222697002912696,0.8217376165811267,59.0,6.595681516193384,2.3099656330597322,2
0.8167975837320276,0.8162167058945952,58.0,6.605132316817376,2.6074572924759876,2
0.7946867428748826,0.7946729154397667,59.0,6.648483456570018,2.560825281810704,2
0.6253011028409182,0.6252991536791349,55.0,6.5168919823130285,2.077372437147429,2
0.6772571867939051,0.6772095218221732,44.0,6.668666092139485,2.991599513477012,2
1.05935254169677,1.059204479506207,58.0,6.644183920124995,3.8757112423916507,2
0.5941357809573908,0.5939545806334678,42.0,6.644911304504566,2.329513395844947,2
0.7523321676073644,0.752131638538855,43.0,6.524296965625641,2.599541218554114,2
0.6778768930936776,0.6773259103214941,46.0,6.652247313693861,2.789942349187868,2
0.7285987391075673,0.7282911662071481,45.0,6.424329947147799,1.9011655111493415,2
0.5329544763037818,0.5328673891624541,51.0,6.514878942860932,1.8683035205995315,2
0.8651136548121899,0.8650702500540413,43.0,6.686415079324936,2.874069237950149,2
0.5165764097095964,0.5165455530355489,52.0,6.622333812662948,2.0952936600384247,2
0.6575374146881413,0.6571690856940055,58.0,6.500876299186517,2.1831331033817194,2
1.1470762346711605,1.1470145891490662,58.0,6.62333424323703,3.204610902577812,2
0.892022597743452,0.8920208140866798,47.0,6.52766324895371,2.5063020881426015,2
0.503636828554661,0.5036308337369592,47.0,6.595105676367929,2.011713068989479,2
0.8026413940491626,0.8026393083377624,54.0,6.413887722226594,1.9956207051930164,2
0.791017923893151,0.7904727708051221,43.0,6.649207986028554,3.450098496252367,2
0.7123163506455975,0.7111896037980916,44.0,6.609621451524214,2.556825233569106,2
0.6047986070443483,0.6042573862595619,43.0,6.53138362055639,1.9055737834168731,2
1.217191845195185,1.2171917354328765,54.0,6.615001282236349,3.7792641967561202,2
0.7346833390017656,0.7339653095431333,46.0,6.647809713934057,2.814447027421077,2
0.8221712262633505,0.822142105067118,43.0,6.458817546963605,2.2375242352078537,2
1.1295336961504632,1.129170048627222,46.0,6.604940946037685,3.100885819091419,2
0.6871008043218665,0.6869578260037058,60.0,6.5764393610833185,2.348587681114444,2
0.7749158908201934,0.7749123470840584,42.0,6.575411971252695,2.474827821777854,2
1.0954592837488117,1.0944110383703378,42.0,6.644265279592637,3.7605518125810247,2
0.47928372353595033,0.47904701886309725,52.0,6.57372349346517,2.047577895033756,2
0.493707653134603,0.49349782330870284,53.0,6.5260286154859095,1.8217348101870816,2
0.805653345555979,0.8049109972020021,46.0,6.57436911665415,2.6298736411593104,2
0.7599671988918413,0.7599449689521309,47.0,6.5885455674902484,2.151691401967191,2
0.6863527492768006,0.6852303901364685,51.0,6.663905721139903,2.4253954970584033,2
0.7972296547458017,0.7962316523188248,46.0,6.511597439953937,2.2107299226488055,2
0.4910025428262146,0.49098845500740707,47.0,6.564098113689695,1.841293277009215,2
0.4732342944105614,0.4731957196634448,43.0,6.596667793030747,1.9235816650798614,2
1.0669881294707577,1.0667818289148432,48.0,6.641320480669123,3.039042273118434,2
0.8887738243124561,0.8885836795771827,49.0,6.622589310377132,2.6630144877596997,2
0.5286149344935238,0.5286145297143513,52.0,6.545155684937107,2.0342024581314377,2
0.5343429823838838,0.5342076392786114,42.0,6.504888792567243,1.7883583427814584,2
1.022091585055748,1.021969433470696,55.0,6.585534349820613,2.911585464632438,2
0.6527908007199388,0.652319001971866,50.0,6.626054864619098,2.2350171982561253,2
0.6502837371874438,0.6501725393734035,48.0,6.455121578365105,2.014374397809693,2
0.8615165247121315,0.8613592670442356,43.0,6.523741069036726,2.8923750538431365,2
0.6776568506289613,0.6775019342707872,45.0,6.613431834862906,2.4932977942467613,2
0.7925186274802762,0.791953521516936,55.0,6.4985586643949365,2.201365870533344,2
0.614969371416943,0.6147487378649821,48.0,6.525392073695842,1.9101313326893272,2
0.5758718788997383,0.5755854558954836,46.0,6.6035317272572955,2.09386020603817,2
0.7390380371588086,0.7384213896728806,53.0,6.680084109846798,2.6117259227031733,2
0.48977459817019176,0.4896739138389879,47.0,6.579167538835929,2.0645800713080544,2
1.0148168166712614,1.0147569812551476,42.0,6.615862858750898,2.9880692629202974,2
0.6276689811394703,0.6274387627059907,49.0,6.549394320346233,2.3526585439241163,2
0.7189317795779894,0.7189170359606942,41.0,6.553178965455715,2.4128669002475505,2
0.6187888541313705,0.6186699838754145,42.0,6.668431401212172,2.125997065593802,2
0.5981777122041929,0.5980658978658998,54.0,6.548219117742374,2.1338478498989644,2
0.7762582378888583,0.7762136213726992,51.0,6.656403686190298,2.5793975256813613,2
0.7338305287173398,0.7337799843666486,52.0,6.619050679426429,2.1367593118065398,2
0.9927583928693167,0.991724830188729,53.0,6.649967157007291,3.039327955122416,2
0.6854135418774778,0.6853413616707922,51.0,6.639464745571754,2.4331752031511713,2
0.4605105900454043,0.460495196503461,56.0,6.500034894507186,1.5739403538984336,2
0.6064073150248233,0.6064033794216709,60.0,6.507823727973394,1.8807778487135653,2
0.7560060099017887,0.755870267323102,43.0,6.408266526045409,2.1604574218765187,2
0.9145848165421435,0.9145544160383084,51.0,6.566053311641417,2.7161290537993867,2
0.7388807990436244,0.7386638298526591,44.0,6.6389271802065375,3.0135015992658736,2
0.665456692873675,0.6654073250634801,58.0,6.582118851642387,2.507598002295978,2
0.9655543158469309,0.9654599345011745,56.0,6.684041857781953,2.973566253973297,2
0.6179457993434453,0.6178112844298371,46.0,6.618029895145904,2.3258186468934894,2
0.8537280705941964,0.8531064129269499,50.0,6.532234434238012,2.3280043557519994,2
0.6202034010663077,0.6199288078454306,44.0,6.579682824108639,2.441673154250109,2
0.9146485814754766,0.9145781990397767,46.0,6.672872070278918,2.838391926538771,2
0.5377934391099043,0.5376505672482629,56.0,6.516340568605764,1.904011725259102,2
1.0354098138537797,1.0352095646646948,59.0,6.62735945076254,3.4029437298563874,2
0.5109396430972435,0.5106721289169316,41.0,6.561190546006454,1.9001461936508055,2
0.4254145376295464,0.42537609922414316,55.0,6.548683038971699,1.7631418136090538,2
0.6865060900421592,0.6863975359383271,41.0,6.637107787003856,2.564960944997816,2
0.8892513059792736,0.8891907691250392,48.0,6.655292840029705,2.6287859095764947,2
0.6643778705370255,0.6642789487472283,43.0,6.416695991862821,1.955600131411472,2
0.5082346264122615,0.507962491339329,54.0,6.546015880001519,1.8332974460006874,2
0.8715308437020858,0.8715308315013417,51.0,6.615260194847819,2.7067738313470295,2
0.5631750742682474,0.5630657335353847,46.0,6.502162526571186,2.3432865896180983,2
0.6879128201110842,0.6877682886980825,59.0,6.442658843225637,1.9000720208709496,2
0.7026517919819282,0.702168616921284,58.0,6.494496890841038,2.1627520371014093,2
0.8916508647949808,0.8916020807070147,47.0,6.610378648993951,2.4697620336419437,2
0.5321779809187561,0.5320713637779565,60.0,6.6015629328476475,2.108753313514134,2
1.0866580966994233,1.0866536822522606,42.0,6.596336917421564,3.125204951501879,2
0.6199066096668878,0.6192152963787517,45.0,6.611760202770324,2.388304195352979,2
0.9179103075039756,0.9173176207028985,55.0,6.648981160596642,3.1251081160616363,2
0.4901568364846397,0.4901564512673805,51.0,6.570463480192426,1.8043380395700597,2
0.8189370500132694,0.8188020858067,51.0,6.56279483245374,2.3050008550782484,2
0.7800477148083585,0.779912469580109,46.0,6.668485603830679,2.827447469016237,2
0.5261866726038579,0.5260901897004717,49.0,6.493302246669705,1.787333721906668,2
0.5466642113873564,0.5462438211648732,51.0,6.568023857284193,2.0051409502537316,2
0.6488848182057079,0.6488838389760154,45.0,6.507963476747953,2.118291938912913,2
0.8108591977975055,0.8108384809309069,55.0,6.345411861374175,2.086322719082423,2
0.5747692747375499,0.5745421401930147,44.0,6.549219455528192,1.9608950010356905,2
0.530362595030752,0.5297103104580009,54.0,6.518898277952893,1.8905004115670094,2
0.9175248373132509,0.9174983674216461,45.0,6.5363818434592655,2.5110303508973577,2
0.42010297301736105,0.4199646977664976,59.0,6.479781842172306,1.6319169724086195,2
0.8229942866552494,0.8229931212368713,46.0,6.439373304395028,2.2153368450412625,2
0.8793034396636897,0.8789702787046954,52.0,6.615161737891051,2.8500311359571198,2
0.5297455261770402,0.5297431598076454,54.0,6.599990015667619,2.146220026763674,2
0.5228378880182543,0.5228112192021714,58.0,6.524531797203237,1.9645310488383956,2
1.1637674425575433,1.1635295879849203,60.0,6.627343392160326,2.903880779490745,2
0.8838780460415682,0.8833854998444294,46.0,6.547188959840213,2.5750970345272775,2
0.764690528063885,0.7645026068199995,46.0,6.476773471548234,2.303818818301444,2
0.556920993474823,0.5568915165684855,40.0,6.50169537793882,2.1158697115251788,2
0.8674059121830346,0.8674041664496919,58.0,6.592833302808265,2.7385555181756773,2
0.9215246067068956,0.9213345114873558,51.0,6.653775092544624,3.2055572830037216,2
0.8554498948822404,0.8554144315677652,43.0,6.5855977452153756,2.2508122633087204,2
0.4816498592889036,0.4816128093341332,51.0,6.478567684058007,1.7082740103901521,2
0.4799556218617305,0.4796643189049437,48.0,6.544295269040498,1.690979696712966,2
1.0632552592336757,1.062496546735726,51.0,6.59498895477123,3.1350962070467956,2
0.5099033463038434,0.5097955014589048,51.0,6.610599830308197,2.091174999643224,2
0.5857256651566174,0.5853270062647521,47.0,6.467056362846022,1.6442998374352613,2
1.0372482261538842,1.0370651030472187,57.0,6.619871470220779,3.205350299037981,2
0.9072089071241624,0.9071888916165413,56.0,6.525726513567481,2.531173699984898,2
0.8764591502973386,0.8753177442225627,55.0,6.570047384035889,2.4274618384460473,2
0.746434156950417,0.7464045685129461,43.0,6.525343721336399,2.2513501748255926,2
0.665769550287612,0.6652191018340546,42.0,6.6286059675570215,2.113736797557531,2
0.7331981999800585,0.7326939273970982,53.0,6.59885846240061,2.346614263101075,2
0.579953751791199,0.5798332969846218,45.0,6.478329621615716,1.8930681739252826,2
0.5107103737089753,0.5106872438363437,48.0,6.62764165509593,1.8364952273585784,2
0.6578666581753857,0.6575644741434612,59.0,6.60627934119295,2.529722977697597,2
0.4520128389849409,0.45196933866220845,60.0,6.532787181098306,1.7151916770882196,2
0.5223930651817592,0.5223930639856715,53.0,6.5805331812786605,2.2982323996574805,2
0.612169188410146,0.611473884707789,53.0,6.648968916581164,2.501612622113698,2
0.80113776678338,0.8009225560578097,44.0,6.612124678948957,2.8270057191322944,2
0.9317661869498172,0.9317173540080926,47.0,6.549488798558668,2.716787969809003,2
1.1106219665923327,1.1103941724812987,59.0,6.575336321505789,3.158698223227418,2
0.992719729880969,0.9923110840294703,59.0,6.627996241678083,2.662412279219308,2
0.6488943464033323,0.6488674167888548,42.0,6.64597209356041,2.2954468710529934,2
0.7439162520774589,0.7438029651185968,56.0,6.604713398203172,2.390696465213954,2
0.8450900901848885,0.8450117467626128,46.0,6.562357465179779,2.4948968185126086,2
0.45817639708584457,0.45748213368366303,41.0,6.554044862293306,1.8239684870421522,2
0.9556510168436403,0.9546446351698065,57.0,6.561468055531022,3.1845975262511543,2
0.6815618434486315,0.6814995927331031,56.0,6.6206659291861945,2.165701118161412,2
0.5264001081482262,0.5258097957595949,49.0,6.637250739024379,1.916971378964702,2
0.6941016460370126,0.6940998141617397,56.0,6.4486903925071495,1.8487912843012748,2
0.738100657624801,0.7380065220302695,52.0,6.410140344444856,2.296646169548504,2
0.553075910858247,0.5529728304318564,55.0,6.57871885654056,2.218603693758033,2
1.005582084154677,1.0055773894398565,54.0,6.617808872132709,2.945735737122659,2
0.757738012595596,0.7576368973597709,50.0,6.424850013735313,1.9863328465436645,2
0.8301610575095141,0.8299160841862779,57.0,6.6645671973406895,2.7311221269633754,2
0.7700603680405058,0.7697554566916269,50.0,6.58201909622491,2.5818324974293883,2
0.6773095389942478,0.6770501470353818,51.0,6.556418835071744,1.9479636690428574,2
0.7634343520598579,0.7634049615328811,52.0,6.6790339657113975,2.864747766904899,2
0.8548160694114174,0.8547176657705281,53.0,6.5012393344414505,2.613838429353917,2
0.5725948875551766,0.5725439816976478,45.0,6.53856778127895,1.8767573235186972,2
0.7343688364714422,0.7343628333833437,47.0,6.473254287052811,2.0818119251680707,2
1.1106536295557423,1.109340723365068,44.0,6.618308042962099,3.599066124145836,2
0.7522324867763579,0.7521909218887743,52.0,6.516705162606695,1.9819410440628566,2
0.9842735437561965,0.9842290426357378,51.0,6.601524140610033,2.8437403489417328,2
0.5447946222518921,0.5445810709057712,43.0,6.601001343750962,2.1047459888270676,2
0.7930767021915311,0.7930707316323947,46.0,6.6467991524769285,3.0856474733421035,2
0.9503014660608502,0.9501436662001922,52.0,6.615759728132142,2.736933496680643,2
0.6046052550600441,0.6046012365036243,44.0,6.528946909324082,1.872465368460285,2
1.04586436203891,1.0456705849488812,51.0,6.614417699317731,3.176352434985462,2
0.6649040798920396,0.6648773584296842,56.0,6.633901133896893,2.7365862867665034,2
0.7417882325738194,0.7394787173917148,53.0,5.992738694341724,5.256540218019857,3
0.7019465025357592,0.6940269115971791,44.0,6.005767945269445,5.028427203344099,3
1.1233035609932795,1.1157490569141943,50.0,5.983718315845026,6.028071702695023,3
1.1045159835778582,1.0948710477171202,57.0,6.006060848530289,5.9405586346345265,3
1.2587081549171972,1.2371567589904777,45.0,6.082416565531522,6.141244678461176,3
1.2580491267821186,1.2414348357641236,44.0,5.987127836240008,6.568993436733294,3
1.0409655216803873,1.036983946500304,55.0,6.034288040938441,6.89020981638099,3
1.1595590954897934,1.137193808632288,57.0,6.083363137535608,6.345422959259328,3
0.8390678110648615,0.8350519539652952,46.0,6.123534680312843,6.86967745100789,3
0.9054208019067207,0.8919259459895605,43.0,6.082262253737063,6.208299474561398,3
0.896417673552971,0.8924321901280508,40.0,6.116472417919528,6.950921308205596,3
0.8288144482613299,0.8266774002528019,56.0,5.888000923435218,5.091873108035733,3
0.6774636944391377,0.6751999327816072,50.0,6.059087631386801,5.3773421740761425,3
0.753133213749549,0.7500813073308754,53.0,6.129245557921159,6.441552869450161,3
0.9893106777464211,0.9821647510272757,43.0,5.957097478394518,4.7581875020288225,3
0.7454984610962246,0.7421586956232571,53.0,6.150418202991297,6.464990101691846,3
1.0358341936252908,1.0174843001692517,51.0,6.097610883698665,6.329276295522908,3
0.510349064699274,0.5077928079213433,57.0,6.1260640321115325,5.202099098906428,3
1.0257259254850788,1.002675860975427,42.0,6.137459015626593,5.75757610923502,3
1.0565150261560612,1.0478517941986867,41.0,5.989166382799764,8.149614579740165,3
1.2386549755466363,1.2122283736060904,44.0,6.096326689305663,6.376814558129566,3
0.9854869300883076,0.9750798690792067,48.0,6.038766215502808,6.501173762989701,3
0.9479093036595783,0.9446058151570846,46.0,6.047272893160395,6.432928883302983,3
0.8376126912092481,0.832152142369494,55.0,5.961860247101026,4.744242347692934,3
1.1094224509351873,1.0852722479135015,46.0,6.122320195494427,6.519157187328236,3
0.8203562898060013,0.8180809404947024,57.0,5.960771328362283,5.403051231138892,3
1.189725552640878,1.1642908281082578,45.0,6.12728671210103,6.781331047317269,3
1.1681712502537276,1.1437137925752352,52.0,6.102103707683465,6.153237621818746,3
1.0676283671758617,1.0576144205785578,46.0,6.015194321894372,6.494084122668443,3
0.877526348644268,0.8712607829302612,54.0,6.006626791141386,5.513297511643963,3
0.896136206266377,0.8866467492348655,51.0,6.0309141995314395,5.220495200274086,3
1.1096987955500888,1.0901689617767054,47.0,6.094315968583981,6.74260083553048,3
0.7856545854672419,0.7843455985152034,52.0,5.904696397406419,4.702442245509909,3
0.6061508390515078,0.6048022092323972,50.0,5.89318417060251,3.7514406777409666,3
0.5710228956198102,0.5699968140713741,50.0,5.932412357575332,4.093682749202742,3
1.300985288408358,1.273288613173766,57.0,6.109007147451044,6.794987259430637,3
0.610701359560117,0.6070536403495346,41.0,6.194724369661669,6.0740746861647965,3
0.8556671922324487,0.8500295352746564,56.0,5.956569303788799,5.036586162530594,3
1.0918001367075802,1.0803973541794947,53.0,6.040099433623997,6.592414106438118,3
0.6383421655588076,0.636949597536359,49.0,5.991052560363361,4.485665298395121,3
0.9582837088718313,0.9413984563895911,43.0,6.071627746538667,5.5723806351546195,3
0.6515347297216847,0.648969931663357,48.0,6.113478663362285,5.808582647893401,3
0.6757569710890962,0.6732605669914491,45.0,6.1083786383280385,5.822152714545753,3
0.7617911257554303,0.7537510647571366,42.0,6.077719768667356,4.795845436227981,3
1.1514506535079199,1.1424595097583536,58.0,5.977493211173551,6.0737781018332955,3
0.44909712944130853,0.4475991879289839,58.0,6.028913924276615,4.046718131853857,3
1.10227594441039,1.0897662164235709,43.0,6.033145465397142,6.803725183206298,3
1.1459770507515605,1.1294381355493348,55.0,6.0414917486742965,6.140429646821304,3
1.1707372113599086,1.1523100196215823,50.0,6.070206162736504,6.592923187061044,3
1.0074881478447937,0.987420145819226,50.0,6.096700852517863,6.4199586392564765,3
0.6740277595372293,0.6683088028722295,44.0,5.931617842013225,4.311789451786803,3
0.8370156283065996,0.8334091911923243,41.0,6.112100616007897,5.294684313155283,3
0.9625068009618541,0.9447851076572058,52.0,6.076084701411201,6.537980690693169,3
0.7658270410670412,0.7596810362232355,49.0,6.0102533793147295,5.380287394349922,3
0.9026628826096521,0.8845892954511132,42.0,6.11724421080538,4.931480092011836,3
0.8468909716222317,0.8448971050836195,52.0,5.993037123423398,5.4307506068322065,3
1.1065830166008137,1.0941147232960142,48.0,6.049996676351153,6.5361918845510445,3
0.6457517288327617,0.642754689782336,44.0,6.073328434952455,5.777394673973736,3
1.1743003058475778,1.1632111622002597,55.0,6.037076224060421,6.994977544627895,3
1.0171049838067836,1.0050272128567426,59.0,6.00406071433693,4.784339413673912,3
0.9958714364579359,0.9815475101089285,54.0,6.034433307397144,5.510895221432607,3
0.7283457620895555,0.7260713689331814,57.0,6.027431474366581,5.500253900551861,3
1.3023508396842505,1.2751568488578837,44.0,6.117785237735413,6.702715775761467,3
1.5724063464042992,1.5472978170046294,49.0,6.0313004222051525,6.663625664642434,3
0.9003118402769071,0.8882166928247917,40.0,6.07654082179131,6.276930806574582,3
1.1952288601939112,1.1707694017014258,49.0,6.1137279489854475,6.422352938579534,3
0.791241456103216,0.7832534606901247,45.0,6.019238753749203,5.771699822439387,3
0.7577617760767827,0.7556336310636743,50.0,5.9850383984172115,5.268776385115181,3
0.9608652338355274,0.9520042863780839,45.0,6.024118486247524,6.413087406518044,3
0.7147992969190048,0.7112869424051753,48.0,6.093292550748361,6.271107752171188,3
0.8671522473361934,0.8570873801989944,58.0,6.064532420553463,6.36016502602793,3
0.9280091398157908,0.9185508867314752,41.0,6.079562508371848,6.575088358052499,3
0.7475626809575899,0.7392843394191666,42.0,6.053033635651077,4.643391830920286,3
0.6816025101879334,0.6795502426985117,42.0,5.932869880987061,4.887714165322094,3
0.4863798788602678,0.4845904562727243,41.0,6.07406943628242,3.8214968819239448,3
0.9248750166334382,0.9082779063324858,57.0,6.098895838995105,5.276455647959054,3
1.1991707246002057,1.1827141672460206,41.0,6.023633259168866,6.059353232579789,3
1.1394420924487108,1.1179525254168234,54.0,6.095609974107285,6.591879919631611,3
0.8167590403225882,0.8146211691179006,45.0,6.00730990500198,5.547930879199271,3
0.7506526493660102,0.748038826176803,49.0,6.092011304210693,5.08420782120633,3
0.9282217509016973,0.9181114491214845,47.0,6.061752862299658,6.406330868905338,3
0.7369673385231594,0.7296163307798536,59.0,6.019135258766662,5.31460178291381,3
0.6671277869808866,0.6655482517758377,47.0,5.983594462099178,4.779145329599644,3
0.8936958040358306,0.8739122909956174,57.0,6.120288542781252,5.815172936478103,3
0.5988649717903631,0.597581610876628,50.0,5.96636582515748,3.9172462038869353,3
0.8270935682000539,0.8253863736866951,48.0,5.762075468131681,4.510190200886781,3
0.6558128896320093,0.6495070082735986,50.0,6.028675502851838,4.928324495929559,3
1.1881535262928773,1.1788604117001955,53.0,5.964680553795763,6.456930242286859,3
0.5525315108103752,0.5501249315553554,44.0,6.049489816151244,4.528057854978052,3
0.6258612392220803,0.6235279525563124,45.0,6.001150556326572,5.171386671477063,3
1.014735983128171,0.994796428776882,47.0,6.096635385162774,6.276717298717942,3
1.05037561748816,1.037381445460733,51.0,6.020346809866183,4.5964460919463495,3
0.762485089627826,0.7590700308968215,48.0,6.053025393760722,5.671846960583655,3
0.4907301915884672,0.4885291403547829,50.0,6.083124441103185,4.591352669609345,3
0.8931293788016657,0.8896021309529695,49.0,6.121271392551415,6.2571264333613295,3
1.1863504773663613,1.1740449955957493,54.0,6.016315035063936,6.507833065283494,3
0.8509704756489217,0.8400647293801078,48.0,6.041522070835931,6.042338569708278,3
0.8099204638582082,0.8077807557740978,49.0,6.0037908238735795,5.45268802235006,3
1.3441960939092545,1.3221929674970148,48.0,6.0789974466935135,6.7724685956451625,3
0.8887891415874248,0.8756156700250746,55.0,5.994784633962855,4.590110146081445,3
0.8504137566493518,0.8348524253374884,55.0,6.095670625003993,5.5099765699019665,3
0.9611486462982564,0.9520395064091698,50.0,5.976226825480836,5.267424765868573,3
0.8086590742913677,0.8029124198334892,46.0,5.971086612954977,4.642423397389699,3
1.0269513254287568,1.0086117806606807,43.0,6.050299691982707,5.150689150538861,3
1.447332289156028,1.4235506273908367,57.0,6.067471794998074,6.49543356892631,3
1.115605840555661,1.1112585538395985,40.0,5.984149638535321,6.851586301535831,3
0.6120885603109207,0.6104005737330981,51.0,5.8853217432988405,4.398571732566118,3
0.8922248484261588,0.8797909937885616,54.0,5.98837320753539,5.464321549853818,3
1.2765529107263092,1.25507589751189,44.0,6.033059171487032,5.927816649836492,3
1.05597207251576,1.0473431480523054,49.0,6.008745156514706,6.223851750901223,3
0.8913770055227191,0.8866925421608207,57.0,5.810164185953958,4.305289069655089,3
1.3607096892534738,1.3364202976007717,54.0,6.068554118841192,6.589916596454048,3
0.8350105955023858,0.8247203578207709,59.0,6.069030188936637,5.8798476901304015,3
0.9585772640261746,0.9476788654562766,46.0,6.087304600195154,6.353820513014056,3
1.4816019622565673,1.4538749037419456,43.0,6.070842888606403,6.549792419392304,3
0.4419213550683914,0.44065587739680034,57.0,5.938280809820499,3.94503227798283,3
1.2533532921301862,1.2387810523940075,53.0,6.008113222911495,5.829021760821012,3
1.1199377936836596,1.1012545896001327,60.0,6.076374149138113,6.309006984327275,3
0.7146398649567439,0.711134713622301,44.0,6.08218381137452,6.1998653333131255,3
0.989911625828083,0.9735148535278536,47.0,6.058501402894645,6.165863066603419,3
1.0050427672498372,0.9930366272143375,47.0,6.034022280469852,6.35732980012577,3
1.147182968335128,1.128798228775051,45.0,6.038071057291431,5.6699444168514335,3
0.7323181080223475,0.7296756567029685,44.0,6.046815391133817,5.6775746442949515,3
1.2564742780243132,1.2320534370694285,41.0,6.106599018313849,6.086735111630222,3
1.40393632330462,1.3821858431310614,52.0,6.010848093514835,6.298820106339436,3
1.3234557995877225,1.3018774275122647,50.0,6.069906489052407,6.631516357256176,3
0.8028452395170009,0.7991186471074941,51.0,6.132235508668167,6.469397406634166,3
0.7823482608406487,0.7802332639996792,51.0,6.0036074993389,4.202369846577136,3
1.0209751780438276,0.9987253823441843,54.0,6.1332485808757635,6.17825315040201,3
1.1728918046755834,1.1525013089161922,42.0,6.061743724220072,5.570645287108373,3
1.2681841634334927,1.2506225252286653,51.0,6.011504097243267,6.375901335580119,3
0.6595144371467495,0.6533448981045474,42.0,6.015667269068135,4.455808122834026,3
0.9583771242978617,0.9481293934866853,58.0,6.063124889836891,6.48971227102411,3
0.6182524808734698,0.6160785753802709,47.0,6.0888604879562,5.420557702786078,3
1.2442665308505747,1.219698547217255,54.0,6.105375584245609,6.3046681319693,3
1.35316790265681,1.3362034094153437,48.0,5.9703972584918645,9.569611978804431,3
1.0585988858618431,1.0501204131851218,51.0,6.017001356223904,6.352939271411437,3
0.5528062310820813,0.5515887000260348,54.0,5.868491808084706,3.647769060630494,3
0.8242109563092056,0.8164190779859305,50.0,6.014532065549183,5.405838612659999,3
1.0212377908298664,1.0007453266396518,51.0,6.102372063112855,5.729695005357754,3
0.719374074625901,0.7177534487563231,40.0,5.970218214865792,4.897044650614337,3
0.9239987993031905,0.9152390425721812,45.0,5.9683978988479005,5.330342938494251,3
1.0066811718242024,1.0002415322199372,49.0,5.97252658319697,5.85160791863809,3
1.4042060290649088,1.3785218848485987,45.0,6.054809586953323,6.648525410564813,3
0.5571464901532217,0.555441251234245,46.0,5.957686604529342,3.4952355784387645,3
1.0038086088166729,0.9954955292915777,60.0,5.963533163169133,5.484261456582661,3
0.6425819766507721,0.6409674676554855,46.0,5.987851950296912,4.759267760734262,3
0.7301375736285306,0.7275052051469174,60.0,6.1062651020621175,5.722304329972564,3
1.4802819531750542,1.457026098266062,46.0,6.063427421197182,6.489304595041354,3
0.8144924312819759,0.8076322760054458,53.0,6.001250490130541,5.531469906969119,3
0.8961981223989285,0.8874405176018476,54.0,5.988804231637829,5.763690344573826,3
0.7050222635831283,0.6911536330404501,41.0,6.083512463767746,5.008584919723598,3
0.5143525299119937,0.5129590973099417,48.0,5.94819511802224,4.181743219463318,3
0.9522139720609464,0.9442776364724927,58.0,6.028838262901795,5.9752503284886265,3
1.2521720636845621,1.2324645704127941,41.0,6.032137872510877,5.892429153652137,3
0.9674779438423274,0.9515698432384293,44.0,6.067161662183988,5.081399343569476,3
0.9174478356908502,0.9062572420616979,49.0,6.0803028804771255,6.680830337040767,3
0.9485302755190617,0.927696812747285,53.0,6.107228286415385,5.713801632361302,3
0.5889260429910183,0.5871528489227625,43.0,5.8880944806007625,3.2902062838512607,3
1.0943406723142686,1.0774849534389987,50.0,6.054297461126086,6.160194636372199,3
1.2586315210485326,1.2480345062646516,57.0,5.986430062564204,6.547896307715849,3
1.2230664000414326,1.2001764863886664,46.0,6.057517986807941,6.107495233828803,3
1.4192642838673424,1.4066347192784057,45.0,5.986515709118846,6.789835417268794,3
0.5848102137156418,0.5827522210603544,59.0,6.068451026790425,5.087824780944383,3
0.9250744708702442,0.9184012101201715,58.0,6.015898040186863,5.727790687966464,3
0.9514000667611078,0.9412807902661798,54.0,5.970179117219734,4.545239675458667,3
1.0947929979975657,1.0910827879105727,42.0,6.042545608591974,6.87970619752677,3
0.7999240574055181,0.7944483236765966,51.0,5.953312725547666,4.748250652096776,3
1.2445800668884341,1.2249293814603803,45.0,6.021291386981421,6.607211448612443,3
0.6699311092069111,0.6666901703087174,48.0,6.103593674383674,5.259050765238083,3
0.7009483838938465,0.6985561413627425,41.0,6.04446210335294,4.455109287889109,3
0.6445892843042105,0.6424227830084474,59.0,5.9923915489150055,5.13051048865749,3
0.5098658916237907,0.5077894514278058,45.0,6.124779424846601,4.694195374303526,3
0.9063535988591928,0.8967057302479727,54.0,6.032870790723365,5.61970497111584,3
1.3313158465716328,1.3101604034188103,54.0,6.070104654324185,5.844582921385075,3
0.6883050355097373,0.6850803695160815,55.0,6.159152000720907,6.511828764839161,3
1.0854748717685292,1.0762261934397184,45.0,6.00188477013263,6.812005840344314,3
1.445734898749521,1.4335258369383057,41.0,5.992465786610127,6.947399040045192,3
0.6593261978791184,0.6565208431119727,54.0,6.110819834508948,5.207072922041161,3
0.5861428427365872,0.584805402552599,48.0,5.959310348671346,4.374935381881426,3
1.2286103449480612,1.2047807902940277,49.0,6.096212177889033,6.511794474814387,3
1.033641830468907,1.023039943181642,47.0,6.027716572594793,6.455783258619961,3
1.0655406790761135,1.0616921355934088,47.0,6.019493756141146,6.736890087687717,3
1.0108400392809564,0.9954989927894351,54.0,6.059675640536678,5.573456331251307,3
0.8532338369775624,0.8419071323773718,43.0,6.030962177569116,5.190071812090744,3
0.9998504474138095,0.9876357562526507,45.0,6.065590250877887,6.663183068354076,3
1.1019098350300451,1.086690379711978,49.0,6.041059862724719,6.0242510797791775,3
0.8387194391502842,0.8299957120587792,40.0,6.08963814938201,5.714594317985015,3
0.519638596346615,0.518518818250617,48.0,5.98762466440691,3.7855029757555045,3
0.741293903162989,0.7331974623770818,56.0,6.053864739456324,5.645254979772975,3
0.8839903354375701,0.8751272874118643,42.0,5.993254604354154,5.6731583383185695,3
0.9396009378837369,0.9299992990430359,47.0,5.983501846852532,5.532394026022617,3
0.6127095298745491,0.6112735848113497,47.0,5.987701079088481,4.584017647491123,3
0.5690441243660689,0.5670332024752798,45.0,6.060781573067835,5.051592292264589,3
1.0199381434084394,1.008700016360421,45.0,6.065336927296323,6.291632246849835,3
0.662650016495441,0.6578369641076317,52.0,5.966960827966221,3.794335028419167,3
0.8071005490727171,0.7931696578389796,59.0,6.088978894297926,5.2459439499634835,3
0.7314091503548222,0.7268473050301986,50.0,5.916718131991116,4.31368429502302,3
1.1624200402804892,1.141575213593392,48.0,6.051548209297133,5.850036043139522,3
1.0601489138080393,1.0514995183584228,54.0,5.970255751274527,5.92276989380639,3
