time,clean_signal,interfered_signal
0.0,0.0,-0.2755284372020967
0.0005,0.3090169943749474,0.8588445984173378
0.001,0.5877852522924731,1.0324940780852963
0.0015,0.8090169943749475,1.2513712350660537
0.002,0.9510565162951535,1.017128309476977
0.0025,1.0,0.4492443556756762
0.003,0.9510565162951535,0.2154317375597928
0.0035,0.8090169943749475,0.316427251626651
0.004,0.5877852522924732,0.7296033319526154
0.0045000000000000005,0.3090169943749471,0.4616285344766545
0.005,1.2246467991473532e-16,0.21273287230947502
0.0055,-0.3090169943749473,0.4561794451929921
0.006,-0.5877852522924734,-0.37407776641509627
0.006500000000000001,-0.8090169943749479,-0.9560382965034764
0.007,-0.9510565162951535,-1.4817165639191632
0.0075,-1.0,-1.7088857997971532
0.008,-0.9510565162951536,-1.0166902617503824
0.0085,-0.809016994374947,-0.374622910300305
0.009000000000000001,-0.5877852522924726,0.03422454591626378
0.0095,-0.3090169943749477,0.40184391465252794
0.01,-2.4492935982947064e-16,0.02994080781830708
0.0105,0.309016994374948,0.14425026412232578
0.011,0.5877852522924729,-0.21536494886578872
0.0115,0.8090169943749472,0.6422298164275713
0.012,0.9510565162951538,0.8419284062203478
0.0125,1.0,1.2353679724965823
0.013000000000000001,0.9510565162951531,1.60847107201755
0.0135,0.8090169943749476,1.0609306870441604
0.014,0.5877852522924734,0.4600217759455312
0.0145,0.3090169943749478,0.24726827440099935
0.015,3.6739403974420594e-16,-0.6860978589825967
0.0155,-0.30901699437494706,-0.9898755045451804
0.016,-0.5877852522924728,-0.6868173128145989
0.0165,-0.8090169943749482,-0.21254555238387082
0.017,-0.951056516295154,-0.3073934016203618
0.0175,-1.0,-0.9820528011687378
0.018000000000000002,-0.9510565162951532,-1.040106364792765
0.0185,-0.8090169943749477,-1.3759703885785242
0.019,-0.5877852522924735,-1.6539536605580252
0.0195,-0.3090169943749479,-0.9345801694348977
0.02,-4.898587196589413e-16,-0.1487017682260169
0.0205,0.3090169943749486,0.7885015913409823
0.021,0.5877852522924741,0.8283596764943371
0.021500000000000002,0.8090169943749481,1.0005232674860514
0.022,0.9510565162951534,0.8068831832929039
0.0225,1.0,0.653841203369053
0.023,0.9510565162951538,0.46809932920034664
0.0235,0.8090169943749478,0.4171035735320119
0.024,0.5877852522924721,0.45320790047141746
0.0245,0.3090169943749463,0.8824567123891585
0.025,-1.164033439826574e-15,0.3664315405843307
0.025500000000000002,-0.3090169943749485,0.24907096262660125
0.026000000000000002,-0.5877852522924755,-0.4665024837153606
0.0265,-0.8090169943749481,-1.4367837856785277
0.027,-0.9510565162951534,-1.2458276647211635
0.0275,-1.0,-1.4827144375312737
0.028,-0.9510565162951538,-1.2892786120594675
0.0285,-0.8090169943749468,-0.15267229416181569
0.029,-0.5877852522924737,-0.1144679231800931
0.029500000000000002,-0.3090169943749464,-0.17202423418900936
0.03,-7.347880794884119e-16,0.09079508745267299
0.0305,0.3090169943749484,-0.010107744269082689
0.031,0.5877852522924725,0.018578635623433
0.0315,0.809016994374948,0.4885811539500858
0.032,0.9510565162951533,0.48272330488592197
0.0325,1.0,1.542218581508998
0.033,0.9510565162951528,1.0955913126530006
0.0335,0.8090169943749469,1.1173528807510007
0.034,0.5877852522924709,0.7589811825280036
0.0345,0.30901699437494656,-0.387030673865779
0.035,-2.6954609193973537e-15,-0.45087177755550295
0.035500000000000004,-0.3090169943749483,-0.3874255493196414
0.036000000000000004,-0.5877852522924752,-0.6308380280162402
0.0365,-0.8090169943749459,0.0772069664461596
0.037,-0.9510565162951533,-0.4622840760477335
0.0375,-1.0,-0.6096062784061153
0.038,-0.9510565162951539,-1.0396846086925495
0.0385,-0.8090169943749469,-1.3255505082948844
0.039,-0.5877852522924739,-1.4891899085577962
0.0395,-0.3090169943749467,-0.9729265761263919
0.04,-9.797174393178826e-16,-0.2154209952106038
0.0405,0.3090169943749482,0.4465336731985306
0.041,0.5877852522924751,1.2770743587387916
0.0415,0.8090169943749479,1.405156893287322
0.042,0.9510565162951543,1.1397915791272748
0.0425,1.0,0.33083299534763955
0.043000000000000003,0.9510565162951528,0.6576240329854827
0.043500000000000004,0.8090169943749449,0.3787576903653299
0.044,0.587785252292474,0.676180058157182
0.0445,0.30901699437495017,0.7212496508718017
0.045,1.102182119232618e-15,0.8516061219078884
0.0455,-0.30901699437494806,0.19895034217241486
0.046,-0.5877852522924722,-0.6968512275066397
0.0465,-0.8090169943749478,-1.5983507295751171
0.047,-0.9510565162951532,-1.7170948773032442
0.0475,-1.0,-1.8152667637081936
0.048,-0.9510565162951529,-0.7088827163342872
0.0485,-0.8090169943749471,-0.24733532997798977
0.049,-0.5877852522924712,-0.0545035419942454
0.0495,-0.3090169943749469,0.25990590626516824
0.05,2.328066879653148e-15,0.2052805116621672
0.0505,0.30901699437494795,-0.1589452059721207
0.051000000000000004,0.587785252292475,0.0018413861474941041
0.051500000000000004,0.8090169943749498,0.24620554055126345
0.052000000000000005,0.9510565162951554,0.9355291188136876
0.0525,1.0,1.4753073685597322
0.053,0.9510565162951529,1.4704937117933892
0.0535,0.8090169943749492,1.1318752910903105
0.054,0.5877852522924742,0.6197579290952469
0.0545,0.309016994374947,-0.2133010201043023
0.055,-2.2056021997384123e-15,-0.15974397641644072
0.0555,-0.3090169943749512,-0.8305091747744661
0.056,-0.587785252292472,-0.6286368489307952
0.0565,-0.8090169943749477,-0.3245808213180922
0.057,-0.9510565162951542,-0.027246571916383466
0.0575,-1.0,-0.14356606414864126
0.058,-0.951056516295154,-0.9468322025525264
0.0585,-0.8090169943749472,-1.308876827366785
0.059000000000000004,-0.5877852522924714,-1.4033323654353937
0.059500000000000004,-0.30901699437494373,-0.8519059222259675
0.06,-1.4695761589768238e-15,-0.15255255984848104
0.0605,0.30901699437494773,0.7289171404798185
0.061,0.5877852522924748,0.9293881352978717
0.0615,0.8090169943749455,0.9361928279524176
0.062,0.9510565162951531,0.9777119904031186
0.0625,1.0,0.7010399673031041
0.063,0.951056516295153,0.07380824419287835
0.0635,0.8090169943749452,0.6307415593176903
0.064,0.5877852522924744,0.5354333443846917
0.0645,0.30901699437494723,0.5546600902995771
0.065,-1.9606728399089416e-15,0.6102432784997577
0.0655,-0.30901699437495095,0.3196109915452812
0.066,-0.5877852522924776,-0.4858087536525481
0.0665,-0.8090169943749475,-1.259895642405923
0.067,-0.9510565162951542,-1.5066096267945681
0.0675,-1.0,-1.3853858009544895
0.068,-0.9510565162951519,-1.5587293353474676
0.0685,-0.8090169943749473,-0.5599965392424886
0.069,-0.5877852522924716,0.08862355680516588
0.0695,-0.30901699437494395,0.010498271751645513
0.07,5.3909218387947074e-15,0.17699460508845224
0.07050000000000001,0.3090169943749542,-0.1892636204367707
0.07100000000000001,0.5877852522924746,0.11916086347213833
0.07150000000000001,0.8090169943749496,0.19009660316722926
0.07200000000000001,0.9510565162951552,1.3118270603189761
0.0725,1.0,1.362619972972557
0.073,0.9510565162951552,1.382268305608938
0.0735,0.8090169943749496,1.616227441812384
0.074,0.5877852522924746,0.6822807915815334
0.0745,0.30901699437494745,-0.20021912675377845
0.075,-1.7157434800794711e-15,-0.5508997606556555
0.0755,-0.30901699437494395,-0.7027168794891929
0.076,-0.5877852522924716,-0.5760990033088511
0.0765,-0.8090169943749473,-0.27330227074164953
0.077,-0.9510565162951541,-0.32460521008581367
0.0775,-1.0,-0.4665156922560471
0.078,-0.9510565162951542,-1.0462568022245726
0.0785,-0.8090169943749475,-0.7979541383719918
0.079,-0.5877852522924718,-1.6433097092381181
0.0795,-0.30901699437494423,-0.8126101252197381
0.08,-1.959434878635765e-15,-0.11441803692644623
0.0805,0.30901699437494723,0.325553700177013
0.081,0.5877852522924744,0.9876654017749809
0.0815,0.8090169943749493,1.2415296383135301
0.082,0.9510565162951552,1.10672410661422
0.0825,1.0,0.746663396787583
0.083,0.9510565162951531,0.5557862533459819
0.0835,0.8090169943749455,0.5621526937139826
0.084,0.587785252292469,0.49050397778111704
0.0845,0.30901699437494096,0.8444073693069963
0.085,-1.4708141202500005e-15,0.9839620540373675
0.0855,-0.3090169943749505,0.3013554121777172
0.08600000000000001,-0.5877852522924771,-0.5203942020015122
0.08650000000000001,-0.8090169943749514,-0.9830540699536241
0.08700000000000001,-0.9510565162951562,-1.377753690764493
0.08750000000000001,-1.0,-1.4047863209698612
0.088,-0.9510565162951542,-1.1168542463204925
0.0885,-0.8090169943749477,-0.6272524123278113
0.089,-0.5877852522924778,-0.6862375644470099
0.0895,-0.3090169943749512,-0.10745815497677863
0.09,-2.204364238465236e-15,0.027722763927464086
0.0905,0.309016994374947,-0.2307136984805176
0.091,0.5877852522924742,-0.19756402002822987
0.0915,0.809016994374945,0.3680534931037963
0.092,0.9510565162951529,0.6011172746800383
0.0925,1.0,1.3744166658499206
0.093,0.9510565162951532,1.5592930796913083
0.0935,0.8090169943749457,1.2427900205170237
0.094,0.587785252292475,0.7313375661400754
0.0945,0.30901699437494795,-0.12454346186289608
0.095,-1.22588476042053e-15,-0.7832784277753855
0.0955,-0.3090169943749503,-0.7020717455432552
0.096,-0.587785252292477,-0.5941763359647728
0.0965,-0.8090169943749471,-0.5855781085777418
0.097,-0.951056516295154,0.015440339016654314
0.0975,-1.0,-0.7433713271731378
0.098,-0.9510565162951521,-1.1513667639048633
0.0985,-0.8090169943749437,-1.3343524400064253
0.099,-0.5877852522924722,-0.995675743650697
0.0995,-0.3090169943749447,-0.46600106010923675
0.1,4.656133759306296e-15,-0.239291944723649
0.1005,0.30901699437495356,0.9573466063053919
0.101,0.587785252292474,1.2810500064791575
0.1015,0.8090169943749491,1.285921892900054
0.10200000000000001,0.951056516295155,1.01741974407191
0.10250000000000001,1.0,0.3720634784094178
0.10300000000000001,0.9510565162951511,0.03489955595833499
0.10350000000000001,0.8090169943749416,0.5618508050199567
0.10400000000000001,0.5877852522924637,0.8930287857966563
0.1045,0.3090169943749482,0.7395547471245587
0.105,-9.809554005910593e-16,0.7960593789840489
0.1055,-0.30901699437495006,-0.16092723169430967
0.106,-0.5877852522924768,-0.28781723286720845
0.1065,-0.8090169943749428,-1.0008573416665332
0.107,-0.9510565162951516,-1.7849632185772184
0.1075,-1.0,-1.394302691030598
0.108,-0.9510565162951544,-0.6770664369387027
0.1085,-0.8090169943749479,-0.10743504593731856
0.109,-0.5877852522924725,0.09812230299092771
0.1095,-0.3090169943749449,0.3333784456988279
0.11,4.411204399476825e-15,0.14052217539776302
0.1105,0.3090169943749533,0.13093232880233163
0.111,0.5877852522924796,0.09162230141241995
0.1115,0.8090169943749448,0.4110273235508931
0.112,0.9510565162951528,1.0788664045247556
0.1125,1.0,1.6526567851772402
0.113,0.9510565162951533,1.6171430410291485
0.1135,0.8090169943749459,1.6345035300438684
0.114,0.5877852522924696,0.5396211270002741
0.1145,0.3090169943749416,0.1594533759893189
0.115,-7.841453398362591e-15,-0.5311863849253448
0.1155,-0.30901699437495656,-0.7694969837742441
0.116,-0.5877852522924708,-0.5042681802425595
0.1165,-0.8090169943749468,-0.4255856333942537
0.117,-0.9510565162951538,-0.6720407389432034
0.11750000000000001,-1.0,-0.6612966602440631
0.11800000000000001,-0.9510565162951523,-1.3451264077292016
0.11850000000000001,-0.8090169943749439,-0.9760593600520125
0.11900000000000001,-0.5877852522924669,-1.248068570410225
0.11950000000000001,-0.3090169943749384,-0.9144455135459966
0.12,-2.9391523179536475e-15,-0.3512722870549424
0.1205,0.3090169943749463,1.1744939010202602
0.121,0.5877852522924736,1.63830044216868
0.1215,0.8090169943749488,1.0187236150637002
0.122,0.9510565162951549,0.9446686257935893
0.1225,1.0,0.4727458091684039
0.123,0.9510565162951556,0.44879138872591456
0.1235,0.8090169943749502,0.19115589938969407
0.124,0.5877852522924756,0.5545470272003661
0.1245,0.3090169943749486,0.7446989091491463
0.125,-4.91096680932118e-16,0.7064050460248726
0.1255,-0.30901699437494956,-0.14469360322204006
0.126,-0.5877852522924764,-0.5842101003750747
0.1265,-0.8090169943749508,-1.5000491577442152
0.127,-0.9510565162951559,-1.6941722512900217
0.1275,-1.0,-1.2138960895852478
0.128,-0.9510565162951545,-0.7917177433763761
0.1285,-0.8090169943749482,-0.21571789770580246
0.129,-0.5877852522924728,-0.06196285283709617
0.1295,-0.3090169943749454,0.19095672070736636
0.13,3.921345679817883e-15,-0.3019133093303314
0.1305,0.30901699437495284,-0.01348676410242522
0.131,0.5877852522924791,-0.2851001436538046
0.1315,0.8090169943749528,0.702427493589433
0.132,0.951056516295157,0.8506167417895466
0.1325,1.0,1.6276408889685405
0.133,0.9510565162951535,1.7303922056500842
0.1335,0.8090169943749462,1.4213140165400704
0.134,0.58778525229247,0.3502906602551906
0.1345,0.3090169943749421,-0.004298765645552469
0.135,-7.351594678703649e-15,-0.9355104596540416
0.1355,-0.3090169943749561,-0.3942254386670483
0.136,-0.5877852522924819,-0.3591973445015223
0.1365,-0.8090169943749549,-0.2203245105695595
0.137,-0.9510565162951536,-0.3909076521945762
0.1375,-1.0,-0.7518548337362417
0.138,-0.9510565162951524,-0.6231511975126306
0.1385,-0.8090169943749442,-0.9514319415587196
0.139,-0.5877852522924673,-1.201747665786402
0.1395,-0.30901699437493885,-0.5982863513055859
0.14,1.0781843677589415e-14,-0.0557581385695929
0.1405,0.30901699437495933,0.564366981133221
0.14100000000000001,0.5877852522924847,1.1556391590802175
0.14150000000000001,0.8090169943749569,0.8104906988232297
0.14200000000000002,0.9510565162951546,1.051919102503249
0.14250000000000002,1.0,0.8279683987247701
0.14300000000000002,0.9510565162951513,0.20934131959826793
0.14350000000000002,0.8090169943749422,0.33822508151542324
0.14400000000000002,0.5877852522924645,0.3826888015124307
0.1445,0.3090169943749491,0.8333994428919977
0.145,-1.2379612731767154e-18,0.816789967735512
0.1455,-0.30901699437493557,-0.2437490119263278
0.146,-0.5877852522924645,-0.43281944499433284
0.1465,-0.8090169943749422,-1.3899066582994053
0.147,-0.9510565162951513,-1.445052369422289
0.1475,-1.0,-1.6576096975577195
0.148,-0.9510565162951546,-1.0769896081291932
0.1485,-0.8090169943749485,-0.7131636232197895
0.149,-0.5877852522924732,0.0637798353957932
0.1495,-0.30901699437494584,0.24659668979714366
0.15,3.4314869601589423e-15,0.01838138045587228
0.1505,0.30901699437493885,-0.05853786515530167
0.151,0.5877852522924673,-0.15510301883347385
0.1515,0.8090169943749442,0.5405091289848101
0.152,0.9510565162951524,0.840912234785405
0.1525,1.0,1.5228009441585693
0.153,0.9510565162951536,1.5790364499409957
0.1535,0.8090169943749466,1.1175839955085587
0.154,0.5877852522924705,0.8274006134850594
0.1545,0.30901699437494257,-0.26440619905607843
0.155,-6.861735959044708e-15,-0.8739542868957707
0.1555,-0.3090169943749421,-0.7837841894858436
0.156,-0.58778525229247,-0.5823150343249106
0.1565,-0.8090169943749462,-0.3775477351911696
0.157,-0.9510565162951535,-0.5100491230897137
0.1575,-1.0,-0.7143626729827843
0.158,-0.9510565162951525,-0.9005233298660391
0.1585,-0.8090169943749445,-0.9860391678275895
0.159,-0.5877852522924677,-0.9957439099646144
0.1595,-0.3090169943749393,-0.7677435626546874
0.16,-3.91886975727153e-15,0.31856508256430816
0.1605,0.3090169943749454,0.6348701201339305
0.161,0.5877852522924728,1.0716106932099903
0.1615,0.8090169943749482,1.3771325029378214
0.162,0.9510565162951545,1.0247988637237362
0.1625,1.0,0.15157535760510116
0.163,0.9510565162951515,0.5286926350923614
0.1635,0.8090169943749425,0.466610158339579
0.164,0.5877852522924649,0.5837380979718081
0.1645,0.30901699437493607,0.7095745098151544
0.165,4.886207583857646e-16,0.7939607550090051
0.1655,-0.3090169943749486,0.3880298513817172
0.166,-0.5877852522924756,-0.47246830817678587
0.1665,-0.8090169943749502,-1.3901502109954618
0.167,-0.9510565162951556,-1.6292746735316872
0.1675,-1.0,-1.2324857526372213
0.168,-0.9510565162951504,-1.295128059693559
0.1685,-0.8090169943749405,-0.7861156545722867
0.169,-0.5877852522924621,0.3167852273522958
0.1695,-0.3090169943749463,0.443351333407096
0.17,2.941628240500001e-15,0.21609004509123256
0.1705,0.3090169943749519,-0.19848398433235293
0.171,0.5877852522924784,0.21263919181030766
0.1715,0.8090169943749522,0.18052887669400644
0.17200000000000001,0.9510565162951566,1.0492141470967038
0.17250000000000001,1.0,1.5725763654015978
0.17300000000000001,0.9510565162951494,1.4170977934414513
0.17350000000000002,0.8090169943749385,1.0085810527839343
0.17400000000000002,0.5877852522924594,0.6394186966428741
0.17450000000000002,0.30901699437494307,0.38760913008522946
0.17500000000000002,-6.371877239385766e-15,-0.636670397496145
0.17550000000000002,-0.30901699437495517,-0.639831050057959
0.176,-0.5877852522924696,-0.3237470531163696
0.1765,-0.8090169943749459,-0.15807817091201604
0.177,-0.9510565162951533,0.0069646227598814114
0.1775,-1.0,-0.7865198559763505
0.178,-0.9510565162951571,-0.5187440250899933
0.1785,-0.8090169943749531,-1.09721431685552
0.179,-0.5877852522924796,-1.3517550153563471
0.1795,-0.3090169943749533,-0.8338844542446909
0.18,-4.408728476930472e-15,-0.07189705591885687
0.1805,0.3090169943749449,0.7209866019025692
0.181,0.5877852522924725,1.2395935686811885
0.1815,0.8090169943749479,1.0908091790200678
0.182,0.9510565162951544,1.0452105453681415
0.1825,1.0,0.6160900580108407
0.183,0.9510565162951561,0.2800306854156945
0.1835,0.8090169943749511,0.7542881698846415
0.184,0.5877852522924768,0.46251533259884836
0.1845,0.30901699437495,0.625329494522274
0.185,9.784794780447059e-16,0.9588501521232338
0.1855,-0.3090169943749482,0.4025796871586631
0.186,-0.5877852522924751,-0.3625929498503787
0.1865,-0.80901699437495,-1.2597625864625583
0.187,-0.9510565162951554,-1.8520503431033726
0.1875,-1.0,-1.2585803426808726
0.188,-0.951056516295155,-0.9762594594048905
0.1885,-0.8090169943749491,-0.44179489943900946
0.189,-0.587785252292474,-0.09811413857985565
0.1895,-0.3090169943749468,0.007613101050260307
0.19,2.45176952084106e-15,-0.07209514851887514
0.1905,0.30901699437495145,-0.1944111430963811
0.191,0.587785252292478,-0.1794264167763524
0.1915,0.809016994374952,0.4511786201240291
0.192,0.9510565162951565,1.120232398819935
0.1925,1.0,1.5376223731420224
0.193,0.951056516295154,1.4467156500230054
0.1935,0.8090169943749471,1.1402858049559716
0.194,0.5877852522924712,1.0559068292697826
0.1945,0.3090169943749435,-0.19870756986303906
0.195,-5.882018519726826e-15,-0.28168742225226184
0.1955,-0.30901699437495467,-0.7080442083766517
0.196,-0.5877852522924807,-0.19187203307617362
0.1965,-0.809016994374954,-0.18662125188132378
0.197,-0.9510565162951575,-0.637034362914928
0.1975,-1.0,-0.8509764396569653
0.198,-0.9510565162951529,-1.4617759711642746
0.1985,-0.809016994374945,-1.2322201639158794
0.199,-0.5877852522924685,-1.1877304606865255
0.1995,-0.30901699437494023,-0.7311033012415726
0.2,9.312267518612591e-15,-0.012394496098498122
0.2005,0.30901699437495794,0.8891696316959571
0.201,0.5877852522924836,1.1672849957476321
0.2015,0.809016994374956,1.634366815559681
0.202,0.9510565162951542,1.4029528267064357
0.2025,1.0,0.6230330747006612
0.203,0.9510565162951519,0.2734617829601709
0.20350000000000001,0.809016994374943,0.6004318822071546
0.20400000000000001,0.5877852522924657,0.7092806339639306
0.20450000000000002,0.3090169943749505,0.7273825139103944
0.20500000000000002,-1.2742516517498357e-14,0.3543628175949327
0.20550000000000002,-0.30901699437494773,0.33676749302892306
0.20600000000000002,-0.5877852522924862,-0.6473779275420181
0.20650000000000002,-0.8090169943749497,-1.118216876065364
0.20700000000000002,-0.9510565162951596,-1.0488003742053857
0.20750000000000002,-1.0,-1.376089573139848
0.20800000000000002,-0.9510565162951463,-0.9637685400425637
0.2085,-0.8090169943749578,-0.46383590810807107
0.209,-0.5877852522924744,-0.03812346102337545
0.2095,-0.3090169943749608,-0.07683902523187719
0.21,1.9619108011821185e-15,-0.12686083490136005
0.2105,0.30901699437493746,-0.1959184299604141
0.211,0.5877852522924776,-0.21305492824352368
0.2115,0.8090169943749433,0.535844923741311
0.212,0.9510565162951563,1.0763229219556363
0.2125,1.0,1.1816870217249342
0.213,0.9510565162951585,1.3785436685603245
0.2135,0.8090169943749473,1.0199695034850937
0.214,0.5877852522924831,0.5474555688220677
0.2145,0.30901699437494395,-0.08903267392110292
0.215,8.81869491513412e-15,-0.7942623647184847
0.2155,-0.3090169943749542,-0.707750602420014
0.216,-0.5877852522924688,-0.1280331925253455
0.2165,-0.8090169943749537,-0.19691242919344273
0.217,-0.951056516295153,-0.49946391183546013
0.2175,-1.0,-0.7608645777584594
0.218,-0.951056516295153,-1.0827139572661073
0.2185,-0.8090169943749537,-1.4533758779843327
0.219,-0.5877852522924688,-1.8366616921610786
0.2195,-0.3090169943749542,-0.8505669650498728
0.22,8.82240879895365e-15,0.12214533316214476
0.2205,0.30901699437494395,0.6593377294468058
0.221,0.5877852522924831,1.2737350418471443
0.2215,0.8090169943749473,1.4830422174114366
0.222,0.9510565162951585,1.2260885098810221
0.2225,1.0,0.7669075823859612
0.223,0.9510565162951563,0.6252529426914089
0.2235,0.8090169943749433,0.35218590555808454
0.224,0.5877852522924776,0.7325565154857825
0.2245,0.30901699437493746,0.6221375986415167
0.225,1.9581969173625882e-15,0.7277206892660272
0.2255,-0.3090169943749608,0.26381552357069393
0.226,-0.5877852522924744,-0.2505446722225434
0.2265,-0.8090169943749578,-0.8635917509998993
0.227,-0.9510565162951552,-1.5954287565504786
0.2275,-1.0,-1.6778145549128007
0.228,-0.9510565162951509,-0.8779844022266748
0.2285,-0.8090169943749497,-0.5066580542158388
0.229,-0.5877852522924633,-0.1989487463177734
0.2295,-0.30901699437494773,-0.12555048071718003
0.23,1.5682906796725182e-14,0.3200991538024291
0.2305,0.3090169943749505,-0.2828527227353427
0.231,0.5877852522924887,-0.19353382438155187
0.2315,0.8090169943749514,0.35823025270090636
0.232,0.9510565162951519,0.7042681668571612
0.2325,1.0,1.746553588025164
0.233,0.9510565162951542,1.798267655879806
0.2335,0.8090169943749393,1.4954550387231675
0.234,0.587785252292472,0.597743360162244
0.23450000000000001,0.3090169943749309,-0.22080968272774767
0.23500000000000001,-4.902301080408943e-15,-0.3187513945320632
0.23550000000000001,-0.30901699437496727,-0.8412993058582989
0.23600000000000002,-0.5877852522924799,-1.1065725252767888
0.23650000000000002,-0.8090169943749618,0.1071178286451403
0.23700000000000002,-0.9510565162951573,-0.38738803511481773
0.23750000000000002,-1.0,-0.6665664864116844
0.23800000000000002,-0.9510565162951488,-1.2105859549346099
0.23850000000000002,-0.8090169943749457,-1.3783708940387625
0.23900000000000002,-0.5877852522924577,-1.0009205348117503
0.23950000000000002,-0.3090169943749412,-1.0173038397310998
0.24,-5.878304635907295e-15,-0.21236664551588738
0.2405,0.30901699437493,0.6770372128932222
0.241,0.5877852522924712,0.6930013227319967
0.2415,0.8090169943749387,0.971195800437626
0.242,0.951056516295154,0.8365729059789742
0.2425,1.0,0.4905668669142857
0.243,0.9510565162951521,0.2066360385865712
0.2435,0.809016994374952,0.2802172684924763
0.244,0.5877852522924665,0.7434790732669688
0.2445,0.30901699437495145,0.9677751790866865
0.245,-1.1762799078180474e-14,0.5925666798513947
0.2455,-0.3090169943749468,0.3538040299929323
0.246,-0.5877852522924625,-0.5966735410812632
0.2465,-0.8090169943749491,-1.259084469189369
0.247,-0.9510565162951506,-1.3886821679521433
0.2475,-1.0,-1.7598477843010665
0.248,-0.9510565162951554,-0.8835046541106464
0.2485,-0.8090169943749416,-0.6335300389678398
0.249,-0.5877852522924751,0.14372441134609004
0.2495,-0.30901699437493463,-0.00723815366130752
0.25,9.82193361864236e-16,-0.06523741515279985
0.2505,0.3090169943749365,-0.26151421878456993
0.251,0.5877852522924768,0.058072123079336124
0.2515,0.8090169943749428,0.41950551169684547
0.252,0.9510565162951561,0.9842717895813233
0.2525,1.0,1.367579345391822
0.253,0.95105651629515,1.597375368985294
0.2535,0.8090169943749479,1.2580471966895623
0.254,0.5877852522924609,0.7425392394538974
0.2545,0.3090169943749449,-0.20625612321641232
0.255,9.798412354452001e-15,-0.6325551296596835
0.2555,-0.3090169943749533,-0.7928054675071375
0.256,-0.587785252292468,-0.44880724649798975
0.2565,-0.8090169943749531,-0.2709242221347024
0.257,-0.9510565162951528,-0.18943713521811034
0.2575,-1.0,-0.2976751612684253
0.258,-0.9510565162951533,-0.991727625281726
0.2585,-0.8090169943749376,-1.3415525746782813
0.259,-0.5877852522924696,-1.125513353188546
0.2595,-0.30901699437492813,-0.9082540516670513
0.26,7.842691359635767e-15,0.273965589285246
0.2605,0.30901699437494307,0.7244046146861656
0.261,0.5877852522924824,1.263346328046274
0.2615,0.8090169943749468,1.2422760123973493
0.262,0.9510565162951582,0.9299349471188085
0.2625,1.0,0.39503684707481823
0.263,0.9510565162951479,0.40210246937190447
0.2635,0.8090169943749439,0.5872571357486966
0.264,0.5877852522924554,0.46498209537352875
0.2645,0.3090169943749384,0.47754626890328483
0.265,2.937914356680471e-15,0.5601394137199509
0.2655,-0.30901699437495983,0.014000960170536245
0.266,-0.5877852522924736,-0.7137874491056218
0.2665,-0.8090169943749571,-1.2616052890359968
0.267,-0.9510565162951549,-1.3519994784494214
0.2675,-1.0,-1.5103891873102802
0.268,-0.9510565162951512,-0.8968434157037882
0.2685,-0.8090169943749336,-0.27655350029275044
0.269,-0.587785252292464,-0.1864462705648875
0.2695,-0.3090169943749486,0.04634835735500033
0.27,1.4703189357407298e-14,0.29372129101103756
0.2705,0.30901699437494956,-0.04712522697301688
0.271,0.5877852522924879,-0.014149779023176049
0.2715,0.8090169943749508,0.5940148543451353
0.272,0.9510565162951603,0.9336851727435002
0.2725,1.0,1.621390031660256
0.273,0.9510565162951458,1.4673721187584496
0.2735,0.8090169943749399,1.1393471255014864
0.274,0.5877852522924728,0.6683321954106335
0.2745,0.30901699437493185,-0.08630247525651157
0.275,-3.92258364109106e-15,-0.5229988626633397
0.2755,-0.3090169943749663,-0.6231782281133706
0.276,-0.5877852522924791,-0.32764153378698807
0.2765,-0.8090169943749612,-0.6110231777442932
0.277,-0.951056516295157,-0.46060674343026686
0.2775,-1.0,-0.9996732259141328
0.278,-0.9510565162951491,-1.113787832005142
0.2785,-0.8090169943749295,-0.8229567235593824
0.279,-0.5877852522924585,-1.2837613397897958
0.2795,-0.3090169943749421,-0.671890185410011
0.28,2.156368735517883e-14,0.23600939868866383
0.2805,0.3090169943749561,0.745756816478198
0.281,0.5877852522924935,1.0846671844023748
0.28150000000000003,0.8090169943749549,1.1041686195317701
0.28200000000000003,0.9510565162951624,0.9399907359903397
0.28250000000000003,1.0,0.6800875150601049
0.28300000000000003,0.9510565162951437,0.5319150504844898
0.28350000000000003,0.8090169943749358,0.4166272021961427
0.28400000000000003,0.5877852522924673,0.7677202233070258
0.28450000000000003,0.30901699437492536,0.9584490885019685
0.28500000000000003,-1.0783081638862592e-14,0.7396147566809581
0.28550000000000003,-0.3090169943749729,0.2079635765793064
0.28600000000000003,-0.5877852522924847,-0.6666376921935747
0.28650000000000003,-0.8090169943749652,-1.4390658218778807
0.28700000000000003,-0.9510565162951591,-1.7371804843564547
0.28750000000000003,-1.0,-1.5016180176788374
0.28800000000000003,-0.951056516295147,-0.796556073644292
0.2885,-0.8090169943749589,-0.133747117763314
0.289,-0.587785252292476,0.21625770655477722
0.2895,-0.3090169943749626,0.24665724766833597
0.29,2.475922546353431e-18,-0.060222239650956744
0.2905,0.30901699437493557,-0.2827242062938279
0.291,0.5877852522924529,-0.048585593423499114
0.2915,0.8090169943749422,0.4130527647851794
0.292,0.951056516295147,0.8783893746704734
0.2925,1.0,1.396057837052319
0.293,0.9510565162951591,1.7794915796922355
0.2935,0.8090169943749485,1.3377762534538613
0.294,0.5877852522924847,0.5728269149501863
0.2945,0.30901699437494584,0.4113254359251758
0.295,1.0778129793769884e-14,-0.48088494444881585
0.2955,-0.3090169943749524,-0.4961745156159755
0.296,-0.5877852522924673,-0.40020999785169975
0.2965,-0.8090169943749358,-0.3223855492172523
0.297,-0.9510565162951524,-0.3469883609324951
0.2975,-1.0,-0.9167799005428046
0.298,-0.9510565162951536,-1.2234483588641318
0.2985,-0.8090169943749549,-1.3784552234940508
0.299,-0.5877852522924705,-1.3976350166737501
0.2995,-0.3090169943749561,-1.0197747481415014
0.3,6.8629739203178846e-15,-0.22339503933538793
0.3005,0.3090169943749421,0.6884939139657518
0.301,0.5877852522924585,1.0396493399895521
0.3015,0.8090169943749462,0.9606000941522717
0.302,0.9510565162951491,0.5979775414802274
0.3025,1.0,0.2256503668431512
0.303,0.951056516295157,0.7368960709252389
0.3035,0.8090169943749445,0.20510446692324397
0.304,0.5877852522924791,1.010331962901664
0.3045,0.3090169943749393,0.6394397312170772
0.305,3.917631795998353e-15,0.8134088530435176
0.3055,-0.30901699437493185,0.2115519348995223
0.306,-0.5877852522924728,-0.6818704364459784
0.3065,-0.8090169943749399,-1.273589605761004
0.307,-0.9510565162951545,-1.4961803021017215
0.3075,-1.0,-1.3019694596555953
0.308,-0.9510565162951515,-0.8548654178995312
0.3085,-0.8090169943749508,-0.34008798596768575
0.309,-0.5877852522924649,-0.004614635616177056
0.3095,-0.30901699437494956,-0.07018996972331673
0.31,1.3723471918089415e-14,0.14401650912017397
0.3105,0.3090169943749486,-0.19278030985972877
0.311,0.587785252292464,0.13414281217162782
0.3115,0.8090169943749502,0.4538497976721397
0.312,0.9510565162951512,1.292542084687537
0.3125,1.0,1.1728608911680956
0.313,0.9510565162951549,1.7494397361701444
0.3135,0.8090169943749405,1.1784804831995563
0.314,0.5877852522924736,0.5247227809001811
0.3145,0.3090169943749328,-0.3609304582491704
0.315,-2.942866201773178e-15,-0.6510220091941277
0.3155,-0.3090169943749384,-1.218285883233214
0.316,-0.5877852522924784,-0.4461865383149126
0.3165,-0.8090169943749439,-0.37153071687768013
0.317,-0.9510565162951566,-0.05294938425869106
0.3175,-1.0,-0.5345522290624121
0.318,-0.9510565162951494,-0.7422924593759435
0.3185,-0.8090169943749468,-1.0347187649978025
0.319,-0.5877852522924594,-1.2974981156644916
0.3195,-0.30901699437494307,-0.7966225715629862
0.32,-7.83773951454306e-15,0.12501845317014385
0.3205,0.30901699437495517,0.7556852069612447
0.321,0.5877852522924696,0.703610233560823
0.3215,0.8090169943749543,1.3534745912541242
0.322,0.9510565162951533,0.7029011504244376
0.3225,1.0,0.9070867514424228
0.323,0.9510565162951528,0.21867822740187265
0.3235,0.8090169943749365,0.706999103705177
0.324,0.587785252292468,0.5243211791809076
0.3245,0.3090169943749533,0.5782461352552988
0.325,-9.803364199544709e-15,0.30593198413427647
0.3255,-0.3090169943749449,0.05824684691312264
0.326,-0.5877852522924839,-0.38978018478486953
0.3265,-0.8090169943749479,-1.0818860750127548
0.327,-0.9510565162951587,-1.533111918549087
0.3275,-1.0,-1.1653034490617518
0.328,-0.9510565162951473,-1.0767310317874623
0.3285,-0.8090169943749428,-0.4072623207130653
0.329,-0.5877852522924538,-0.024460951742564338
0.3295,-0.3090169943749365,-0.3091433830530208
0.33,-9.772415167715292e-16,-0.009589399518562577
0.3305,0.30901699437496166,-0.10698961010031034
0.331,0.5877852522924751,-0.18590305844561
0.3315,0.8090169943749583,0.07607139363148535
0.332,0.9510565162951554,1.161541218757252
0.3325,1.0,1.6335516018850447
0.333,0.9510565162951506,1.8328426708985315
0.3335,0.8090169943749324,1.510557101933263
0.334,0.5877852522924625,0.26666267567229385
0.3345,0.3090169943749468,-0.2123884327868673
0.335,-1.666386219731624e-14,-0.8792107914143932
0.3355,-0.30901699437495145,-0.5220965357743096
0.336,-0.5877852522924895,-0.7511446329328377
0.3365,-0.809016994374952,-0.45047983146772874
0.337,-0.9510565162951609,-0.5657142198275293
0.3375,-1.0,-0.4649097388438394
0.338,-0.9510565162951452,-0.5383068318717841
0.3385,-0.8090169943749387,-1.1082598481334314
0.339,-0.5877852522924712,-1.2590742105531048
0.3395,-0.30901699437492997,-0.32363861052094894
0.34,5.883256481000002e-15,0.052193964628317546
0.3405,0.3090169943749682,0.5811792273729227
0.341,0.5877852522924807,0.805400592593521
0.3415,0.8090169943749623,1.2314336394376626
0.342,0.9510565162951575,1.232034343446357
0.3425,1.0,0.8500251684887608
0.343,0.9510565162951485,0.5788263237921993
0.3435,0.8090169943749284,0.7215504745792303
0.34400000000000003,0.5877852522924569,0.5176909711303329
0.34450000000000003,0.30901699437494023,0.7555630385504786
0.34500000000000003,-2.352436019508777e-14,1.0621167527691249
0.34550000000000003,-0.30901699437495794,-0.007108263082281963
0.34600000000000003,-0.587785252292495,-0.8896675840936235
0.34650000000000003,-0.809016994374956,-1.180919081012781
0.34700000000000003,-0.9510565162951631,-1.235230383198193
0.34750000000000003,-1.0,-1.5291289444718443
0.34800000000000003,-0.951056516295143,-0.9954305307401372
0.34850000000000003,-0.8090169943749347,-0.0037623743486298045
0.34900000000000003,-0.5877852522924657,-0.03505875949906231
0.34950000000000003,-0.30901699437492347,0.3393811117772165
0.35000000000000003,1.2743754478771533e-14,-0.22668543204443772
0.35050000000000003,0.30901699437497476,-0.0713833604482237
0.35100000000000003,0.5877852522924862,0.3155437079111657
0.35150000000000003,0.8090169943749664,0.31046305356978543
0.352,0.9510565162951509,0.6348071721627828
0.3525,1.0,1.3772776667168412
0.353,0.9510565162951552,1.5960635000281114
0.3535,0.8090169943749578,1.100264857286259
0.354,0.5877852522924744,0.5868265010866629
0.3545,0.3090169943749608,0.15800321304602466
0.355,-1.963148762455295e-15,-0.5298965537861134
0.3555,-0.30901699437493746,-0.7332267740310737
0.356,-0.5877852522924546,-0.42771246290169845
0.3565,-0.8090169943749433,-0.5175718094270244
0.357,-0.9510565162951475,-0.20809326414029342
0.3575,-1.0,-0.6135042140306117
0.358,-0.9510565162951585,-0.8031230224335043
0.3585,-0.8090169943749473,-0.7552965820232461
0.359,-0.5877852522924831,-0.93211647605643
0.3595,-0.30901699437494395,-0.9201974291331101
0.36,-8.817456953860943e-15,0.12785257825784788
0.3605,0.3090169943749542,1.0772998977520007
0.361,0.5877852522924688,1.2782516775536645
0.3615,0.809016994374937,0.9708131795325035
0.362,0.951056516295153,1.4714856464842816
0.3625,1.0,0.680905234693275
0.363,0.951056516295153,0.22020788862676763
0.3635,0.8090169943749537,0.3401317665566455
0.364,0.5877852522924688,0.4094657687980212
0.3645,0.3090169943749542,0.571368085811689
0.365,-8.823646760226826e-15,0.5967968869705068
0.3655,-0.30901699437494395,0.14845109745836693
0.366,-0.5877852522924601,-0.710715334258564
0.3665,-0.8090169943749473,-1.2111500732119467
0.367,-0.9510565162951496,-1.8718796993280908
0.3675,-1.0,-1.1915319709722036
0.368,-0.9510565162951563,-1.1040264071978454
0.3685,-0.8090169943749433,-0.20497547882818068
0.369,-0.5877852522924776,-0.003098195213410697
0.3695,-0.30901699437493746,0.24921818074374483
0.37,-1.9569589560894117e-15,-0.19102671876336852
0.3705,0.30901699437493374,-0.5767927528151473
0.371,0.5877852522924744,0.2793772602580055
0.3715,0.809016994374941,0.40585805884283405
0.372,0.9510565162951552,0.8997797065662492
0.3725,1.0,1.280068646283983
0.373,0.9510565162951509,1.9585090739036317
0.3735,0.8090169943749497,0.934694282619587
0.374,0.5877852522924633,0.5154180624507674
0.3745,0.3090169943749477,0.24585803797890987
0.375,1.273756467240565e-14,-0.6667267725556785
0.3755,-0.3090169943749505,-0.5647736023345398
0.376,-0.5877852522924657,-0.8177256127765418
0.3765,-0.8090169943749514,-0.327181031455821
0.377,-0.9510565162951519,-0.3135206845600301
0.3775,-1.0,-0.6763151728690874
0.378,-0.9510565162951542,-1.3261692100448341
0.3785,-0.8090169943749393,-1.052188911807892
0.379,-0.587785252292472,-1.1441262206466554
0.3795,-0.3090169943749309,-0.6462891356368305
0.38,4.90353904168212e-15,0.14372081835212017
0.3805,0.30901699437494023,0.4959440970593251
0.381,0.5877852522924799,1.6884423580188268
0.3815,0.809016994374945,1.3262480658640898
0.382,0.9510565162951573,1.2704031949591226
0.3825,1.0,0.8239933270900153
0.383,0.9510565162951488,0.20708120722062612
0.3835,0.8090169943749457,0.4413507040469809
0.384,0.5877852522924577,1.0215951862811725
0.3845,0.3090169943749412,0.6778040928350902
0.385,5.877066674634119e-15,0.7563879947646345
0.3855,-0.309016994374957,-0.12218789601788085
0.386,-0.5877852522924712,-0.21026097897001866
0.3865,-0.8090169943749554,-1.398479392844586
0.387,-0.951056516295154,-1.4716921842100306
0.3875,-1.0,-1.2421479128223547
0.388,-0.9510565162951521,-1.0761804032778626
0.3885,-0.8090169943749352,-0.36397337505853705
0.389,-0.5877852522924665,0.23443096353192744
0.3895,-0.30901699437495145,0.4511523917028551
0.39,1.1764037039453651e-14,0.05098394435707752
0.3905,0.3090169943749468,0.05580572429830327
0.391,0.5877852522924855,-0.26060014966782385
0.3915,0.8090169943749491,0.4631839077361087
0.392,0.9510565162951594,1.2016164075770115
0.3925,1.0,1.436454381772008
0.393,0.9510565162951466,2.127098103598799
0.3935,0.8090169943749416,1.0901864100979313
0.394,0.5877852522924522,0.4225991925127475
0.3945,0.30901699437493463,-0.08926361042703691
0.395,-9.834313231374127e-16,-0.3419074762014491
0.3955,-0.30901699437496355,-0.878984981795812
0.396,-0.5877852522924768,-0.8993896255074365
0.3965,-0.8090169943749594,-0.3969971238855385
0.397,-0.9510565162951561,-0.29634161991033775
0.3975,-1.0,-0.6528365525975082
0.398,-0.95105651629515,-0.934363171895513
0.3985,-0.8090169943749312,-1.6946700478167236
0.399,-0.5877852522924609,-1.235867208817725
0.3995,-0.3090169943749449,-0.9068350528327666
0.4,1.8624535037225183e-14,-0.3507924006105324
0.4005,0.3090169943749533,0.8084713700790631
0.401,0.587785252292491,1.4069455222585079
0.4015,0.8090169943749531,1.0952138640469569
0.402,0.9510565162951615,1.0613858611772093
0.4025,1.0,0.6296384182291033
0.403,0.9510565162951445,0.06775266379508527
0.4035,0.8090169943749376,0.4909974142146875
0.404,0.5877852522924696,0.5089024692720231
0.4045,0.30901699437492813,0.8337224483991438
0.405,-7.843929320908943e-15,0.3836717123047679
0.4055,-0.3090169943749701,-0.154820550813271
0.406,-0.5877852522924824,-0.5343714406306923
0.40650000000000003,-0.8090169943749635,-1.3345951870180555
0.40700000000000003,-0.9510565162951582,-1.4465174387467146
0.40750000000000003,-1.0,-1.5609719143542615
0.40800000000000003,-0.9510565162951479,-0.7641127251862481
0.40850000000000003,-0.8090169943749439,-0.5597717828989958
0.40900000000000003,-0.5877852522924784,-0.2150901670907991
0.40950000000000003,-0.30901699437491137,-0.17940686951160373
0.41000000000000003,2.5485033034996715e-14,-0.23812055208050734
0.41050000000000003,0.30901699437495983,-0.07919867357305027
0.41100000000000003,0.5877852522924736,0.01771925546603996
0.41150000000000003,0.8090169943749739,0.4196571828820551
0.41200000000000003,0.9510565162951636,1.0022008239454812
0.41250000000000003,1.0,1.4922369917359393
0.41300000000000003,0.9510565162951512,1.5562645142698452
0.41350000000000003,0.8090169943749502,1.6322050013190545
0.41400000000000003,0.587785252292441,0.78001023070813
0.41450000000000004,0.3090169943749216,-0.10585211253655107
0.41500000000000004,-1.4704427318680477e-14,-0.5532768054758919
0.41550000000000004,-0.30901699437494956,-0.6952137406357762
0.41600000000000004,-0.5877852522925109,-0.2612573714324266
0.4165,-0.8090169943749341,-0.7268034628429054
0.417,-0.9510565162951428,-0.5012605691824696
0.4175,-1.0,-0.4475652200727602
0.418,-0.9510565162951545,-1.1287675320355843
0.4185,-0.8090169943749566,-0.9080478247095465
0.419,-0.5877852522924958,-1.3292819125585833
0.4195,-0.30901699437493185,-0.9640137632814507
0.42,3.923821602364237e-15,-0.14769819318910435
0.4205,0.3090169943749393,0.6160586834466831
0.421,0.5877852522924562,1.2931145700210205
0.4215,0.8090169943749278,1.1162028786577678
0.422,0.951056516295157,0.8745140444193109
0.4225,1.0,-0.016916712382375243
0.423,0.9510565162951579,0.48581892934359405
0.4235,0.8090169943749629,0.46991467663107545
0.424,0.5877852522924585,1.001735194085905
0.4245,0.3090169943749421,0.7577033087294724
0.425,6.856784113952001e-15,0.45065609752283964
0.4255,-0.3090169943749291,0.01063307100455571
0.426,-0.5877852522924474,-0.16588652424842787
0.4265,-0.8090169943749549,-0.8778443948483878
0.427,-0.9510565162951536,-1.3559783145884672
0.4275,-1.0,-1.2073958444313913
0.428,-0.9510565162951612,-0.9850519811785331
0.4285,-0.8090169943749358,-0.21977344489088543
0.429,-0.5877852522924673,0.03623976245189337
0.4295,-0.30901699437495234,0.03528259208922992
0.43,-1.763738983026824e-14,0.5949560153162479
0.4305,0.3090169943749188,-0.2937479503008983
0.431,0.5877852522924847,0.14772331255734295
0.4315,0.8090169943749486,0.31441461439289176
0.432,0.9510565162951503,1.1111788866413241
0.4325,1.0,1.1913471672794762
0.433,0.951056516295147,1.7258313106203524
0.4335,0.8090169943749422,1.5493212094873439
0.434,0.587785252292476,0.25864490033646836
0.4345,0.3090169943749626,-0.17729551680587524
0.435,-2.842542331422354e-14,-0.42126258478391376
0.4355,-0.3090169943749626,-0.795582234121334
0.436,-0.587785252292476,-0.706654311550584
0.4365,-0.8090169943749422,-0.5310211970120011
0.437,-0.951056516295147,-0.20971796930409858
0.4375,-1.0,-0.5919897895798777
0.438,-0.9510565162951503,-0.7282179176025266
0.4385,-0.8090169943749485,-1.530897409091016
0.439,-0.5877852522924847,-1.2621966790186334
0.4395,-0.3090169943749188,-0.4713770486628194
0.44,1.76448175979073e-14,0.10536905307562565
0.4405,0.3090169943749524,0.7700047026436273
0.441,0.5877852522924673,0.9532972554600212
0.4415,0.8090169943749358,1.2097903900922031
0.442,0.9510565162951612,0.7144507267820135
0.4425,1.0,0.5487499786162097
0.443,0.9510565162951536,0.05250909389125713
0.4435,0.8090169943749549,0.44515397742330653
0.444,0.5877852522924474,0.30421170449698104
0.4445,0.3090169943749291,0.7757843006456291
0.445,-6.8642118815910615e-15,0.21935597725396982
0.4455,-0.3090169943749421,0.015922098573064897
0.446,-0.5877852522924585,-0.8114978580607376
0.4465,-0.8090169943749629,-1.0447112519946233
0.447,-0.9510565162951579,-1.8982530136673172
0.4475,-1.0,-1.7477358204146423
0.448,-0.951056516295157,-0.9254304052706336
0.4485,-0.8090169943749278,-0.48779055567477614
0.449,-0.5877852522924562,-0.17942144134688048
0.4495,-0.3090169943749393,0.16279964500925637
0.45,-3.9163938347251765e-15,-0.1269872520921129
0.4505,0.30901699437493185,-0.11944619106909071
0.451,0.5877852522924958,-0.11650251922927504
0.4515,0.8090169943749566,0.4537970213623873
0.452,0.9510565162951545,0.6093718276692319
0.4525,1.0,1.4672631117930681
0.453,0.9510565162951428,1.1298656084722594
0.4535,0.8090169943749341,1.1640482535387642
0.454,0.5877852522924649,0.21383605064978217
0.4545,0.30901699437494956,-0.21864017798203395
0.455,1.4696999551041415e-14,-0.32747850585708843
0.4555,-0.30901699437497565,-0.7663824802309985
0.456,-0.5877852522924871,-0.5172250445367518
0.4565,-0.8090169943749502,-0.46521639844733187
0.457,-0.9510565162951512,-0.310389990317115
0.4575,-1.0,-0.8223246504521087
0.458,-0.9510565162951461,-0.8691265848977361
0.4585,-0.8090169943749405,-1.2323000572137202
0.459,-0.5877852522924736,-1.111598142263625
0.4595,-0.30901699437495983,-0.6288092249228352
0.46,3.1365813593450365e-14,-0.12036065317409508
0.4605,0.30901699437496544,1.0350493221107753
0.461,0.5877852522924784,1.1440140418213307
0.4615,0.8090169943749439,1.3692032241570973
0.462,0.9510565162951654,0.7828233917388466
0.4625,1.0,0.6637882986647461
0.463,0.9510565162951494,0.48892875841786776
0.4635,0.8090169943749468,0.4033911166985688
0.464,0.5877852522924824,0.32933978032791006
0.4645,0.30901699437491603,0.6019969266133828
0.465,-2.0585207877134124e-14,0.43855793495784223
0.4655,-0.30901699437495517,0.17531408711844876
0.466,-0.5877852522924696,-0.7326247528391566
0.4665,-0.809016994374971,-1.0263224725100022
0.467,-0.9510565162951621,-1.6061790996743057
0.4675,-1.0,-1.0609000985791128
0.468,-0.9510565162951528,-0.9808325423403345
0.4685,-0.8090169943749197,-0.5524912713870167
0.46900000000000003,-0.587785252292445,-0.05917865396622114
0.46950000000000003,-0.30901699437492625,0.3573327321194053
0.47000000000000003,9.804602160817886e-15,-0.18095347712180126
0.47050000000000003,0.3090169943749449,-0.18160316911804655
0.47100000000000003,0.5877852522925069,-0.10577523651849988
0.47150000000000003,0.8090169943749647,0.5743491812370598
0.47200000000000003,0.9510565162951587,0.5037097539509471
0.47250000000000003,1.0,1.3960275911219715
0.47300000000000003,0.9510565162951385,1.708456608342769
0.47350000000000003,0.809016994374926,1.5604770265958572
0.47400000000000003,0.5877852522924538,0.7820548446098932
0.47450000000000003,0.3090169943749365,-0.3758363635471559
0.47500000000000003,9.760035554983525e-16,-0.6264173703253809
0.47550000000000003,-0.3090169943749887,-0.7747958784441723
0.47600000000000003,-0.5877852522924982,-0.7248289860961418
0.47650000000000003,-0.8090169943749583,-0.3361232959837541
0.47700000000000004,-0.9510565162951554,-0.31165658368941557
0.47750000000000004,-1.0,-0.8025074303686925
0.47800000000000004,-0.9510565162951419,-0.9392950208536747
0.47850000000000004,-0.8090169943749324,-1.304125849847781
0.47900000000000004,-0.5877852522924625,-1.1828448569559056
0.47950000000000004,-0.3090169943749468,-0.5905321798972234
0.48,-1.175660927181459e-14,0.20023521880542328
0.4805,0.3090169943749244,0.926399691119492
0.481,0.5877852522924435,1.5243970513765648
0.4815,0.809016994374952,1.3614603299188588
0.482,0.9510565162951521,0.9183133777501198
0.4825,1.0,0.6911273887951377
0.483,0.9510565162951627,0.019587770705045637
0.4835,0.8090169943749387,0.37611346260416667
0.484,0.5877852522924712,0.7333896823617343
0.4845,0.309016994374957,0.7254786356329382
0.485,2.2537214988130828e-14,0.2681976400884256
0.4855,-0.3090169943749682,-0.029512018248563587
0.486,-0.5877852522924807,-0.671423459083225
0.4865,-0.8090169943749457,-1.4750046006404487
0.487,-0.9510565162951488,-1.2818160773758125
0.4875,-1.0,-1.324107451459107
0.488,-0.9510565162951485,-0.9232655123620108
0.4885,-0.809016994374945,-0.539440257202916
0.489,-0.5877852522924799,-0.07013708417371584
0.4895,-0.30901699437496727,0.1902514235346781
0.49,2.352559815636095e-14,0.16235182859299774
0.4905,0.30901699437495794,0.09878448177097698
0.491,0.587785252292472,0.11944926353288843
0.4915,0.8090169943749393,0.5603952284225087
0.492,0.9510565162951454,0.8862861759017908
0.4925,1.0,1.5354760606798603
0.493,0.9510565162951519,1.3233455012140642
0.4935,0.8090169943749514,1.4479561090193207
0.494,0.5877852522924887,0.3667389553909075
0.4945,0.30901699437492347,-0.06292380931828723
0.495,-1.274499244004471e-14,-0.6568128422432056
0.4955,-0.30901699437494773,-0.38081373948781505
0.496,-0.5877852522924633,-0.635878859993351
0.4965,-0.809016994374933,-0.25351948776610606
0.497,-0.9510565162951596,-0.3594527997772705
0.4975,-1.0,-0.6828540601618579
0.498,-0.9510565162951552,-0.8722792958625469
0.4985,-0.8090169943749578,-1.2987004406584357
0.499,-0.5877852522924514,-1.3146294666187688
0.4995,-0.30901699437493374,-0.5872851233010572
0.5,1.964386723728472e-15,0.014796376904621444
0.5005000000000001,0.3090169943749915,0.6796913076060254
0.501,0.5877852522924546,1.252585118790133
0.5015000000000001,0.80901699437496,1.3577902908001462
0.502,0.9510565162951563,0.9988747266020656
0.5025000000000001,1.0,0.7280968772639284
0.503,0.9510565162951585,-0.23956597654494005
0.5035000000000001,0.8090169943749307,0.020591502870059564
0.504,0.5877852522924601,0.6616065341436822
0.5045000000000001,0.3090169943748899,1.3688173700154342
0.505,8.816218992587766e-15,0.8361388990471766
0.5055000000000001,-0.30901699437498126,0.07427041178223823
0.506,-0.5877852522924918,-0.6133248663348634
0.5065000000000001,-0.8090169943749871,-0.8511188025269776
0.507,-0.951056516295153,-1.5382056137404465
0.5075000000000001,-1.0,-1.6160391201452793
0.508,-0.9510565162951442,-1.3259396534654742
0.5085000000000001,-0.809016994374937,0.033135126195761866
0.509,-0.5877852522924688,0.056015354360548074
0.5095000000000001,-0.30901699437490016,0.11441558930858965
0.51,-1.9596824708904003e-14,0.15054910522136142
0.5105000000000001,0.309016994374971,-0.04885804538415567
0.511,0.5877852522924831,0.16836981256260158
0.5115000000000001,0.8090169943749808,0.35664923797361686
0.512,0.9510565162951496,1.2150105084375047
0.5125,1.0,1.6373266258580945
0.513,0.9510565162951475,1.695151239693572
0.5135,0.8090169943749768,1.553933815500877
0.514,0.5877852522924776,0.634726978202546
0.5145,0.3090169943749645,-0.13752324331385782
0.515,-2.646598843558777e-14,-0.8219019022305757
0.5155,-0.3090169943749067,-0.7080936056620003
0.516,-0.5877852522924744,-0.5055989448300731
0.5165,-0.809016994374941,-0.662619689766939
0.517,-0.951056516295164,-0.4442641198178693
0.5175,-1.0,-0.49024007925870833
0.518,-0.9510565162951509,-0.9238623807160612
0.5185,-0.8090169943749497,-1.3113685701861943
0.519,-0.5877852522924403,-0.9200518918751863
0.5195,-0.3090169943749747,-0.37544487696551876
0.52,1.5685382719271533e-14,-0.004184639353453592
0.5205,0.3090169943749505,0.7691548880182209
0.521,0.5877852522924657,0.9865039280009904
0.5215,0.8090169943749347,0.8705990972023816
0.522,0.9510565162951606,1.0556482168110917
0.5225,1.0,0.5131887720538483
0.523,0.9510565162951542,0.2468230792018864
0.5235,0.809016994374956,0.5524043471043993
0.524,0.587785252292449,0.8224198704543212
0.5245,0.309016994374985,1.033955496941943
0.525,-4.904777002955296e-15,0.7180203157071205
0.5255,-0.30901699437494023,0.22244178230661601
0.526,-0.5877852522925029,-0.5702838142973303
0.5265,-0.8090169943749284,-1.2338356015294607
0.527,-0.9510565162951573,-1.526815524967951
0.5275,-1.0,-1.4169925521864153
0.528,-0.95105651629514,-1.3486112990585237
0.5285,-0.8090169943749623,-0.44506529136703077
0.529,-0.5877852522924577,-0.6254300123977481
0.5295,-0.3090169943749412,0.10991692395189434
0.53,-5.875828713360942e-15,0.17058514286363313
0.5305,0.30901699437493,-0.24557588102836828
0.531,0.5877852522924942,-0.1167364310033665
0.5315,0.809016994374922,0.138274048837012
0.532,0.951056516295154,0.9710308551137427
0.5325,1.0,1.861777292048504
0.533,0.9510565162951433,1.511725250879982
0.5335,0.8090169943749687,1.4579014607370198
0.534,0.5877852522924665,0.6221550995023262
0.5345,0.30901699437495145,-0.19373918437430282
0.535,-4.0186984431130834e-14,-0.5369251512065956
0.5355,-0.30901699437491975,-0.537811320323282
0.536,-0.5877852522924855,-0.9687823707367422
0.5365,-0.8090169943749491,-0.2033850242457508
0.537,-0.9510565162951682,-0.3783718821025525
0.5375,-1.0,-0.04970826774599235
0.538,-0.9510565162951466,-0.8483126538266212
0.5385,-0.8090169943749416,-1.2078415685120343
0.539,-0.5877852522924751,-1.2280658937687317
0.5395,-0.30901699437496166,-0.6381060484391055
0.54,2.9406378714814596e-14,0.00035039596590384663
0.5405,0.30901699437496355,0.7776301244362931
0.541,0.5877852522924768,0.8873320705834502
0.5415,0.8090169943749428,1.3141421300789229
0.542,0.9510565162951649,0.8964763127322748
0.5425,1.0,0.8784701918272324
0.543,0.95105651629515,0.3807457712453664
0.5435,0.8090169943749479,0.2869518711610918
0.544,0.5877852522924379,0.285472569026838
0.5445,0.30901699437497193,0.6608153802188691
0.545,-1.8625772998498358e-14,0.4732008647686383
0.5455,-0.3090169943749533,0.16574787409011327
0.546,-0.587785252292514,-0.6809597238314139
0.5465,-0.8090169943749365,-1.289899407981077
0.547,-0.9510565162951615,-1.6071680418952217
0.5475,-1.0,-1.5906856280611625
0.548,-0.9510565162951533,-1.2540611892134412
0.5485,-0.8090169943749543,-0.5319636597243126
0.549,-0.5877852522924466,-0.18816734611516095
0.5495,-0.30901699437492813,0.3739614927594627
0.55,7.84516728218212e-15,-0.4088163590962595
0.5505,0.30901699437494307,-0.2012969555922392
0.551,0.5877852522925053,0.335257413930531
0.5515,0.8090169943749301,-0.16368588828386083
0.552,0.9510565162951582,0.9009131252850563
0.5525,1.0,1.422771263850167
0.553,0.9510565162951391,1.1701751798111584
0.5535,0.8090169943749606,1.4093116192112385
0.554,0.5877852522924554,0.5849288293520584
0.5545,0.3090169943749384,0.12901079318589362
0.555,-5.39079804266739e-14,-0.6565663451242714
0.5555,-0.3090169943749328,-0.7812251136984218
0.556,-0.5877852522924966,-0.506162949508149
0.5565,-0.8090169943749571,-0.6031764847698642
0.557,-0.9510565162951724,-0.17190383347570648
0.5575,-1.0,-0.4859523345596329
0.558,-0.9510565162951424,-1.1718597775145814
0.5585,-0.8090169943749336,-1.2035182052469098
0.559,-0.587785252292464,-0.9823843170888379
0.5595,-0.3090169943749486,-0.47732525828112016
0.56,4.312737471035766e-14,0.27579234600860847
0.5605,0.3090169943749225,0.5328389299900466
0.561,0.5877852522924879,1.1709470995623465
0.5615,0.8090169943749508,1.005886125930442
0.562,0.9510565162951691,1.0343501745794557
0.5625,1.0,0.48750747684815127
0.5630000000000001,0.9510565162951458,0.5490562765653441
0.5635,0.8090169943749399,0.705170855219523
0.5640000000000001,0.5877852522924268,0.49177949429544293
0.5645,0.3090169943749589,0.7898814308292132
0.5650000000000001,-3.234676899404142e-14,0.47953886474829205
0.5655,-0.3090169943749663,-0.06369335099787504
0.5660000000000001,-0.5877852522925251,-0.504419500456239
0.5665,-0.8090169943749445,-1.106552293971297
0.5670000000000001,-0.9510565162951657,-1.5889106220349027
0.5675,-1.0,-1.5816457014337724
0.5680000000000001,-0.9510565162951491,-1.0300550281483143
0.5685,-0.8090169943749462,-0.1658082308873935
0.5690000000000001,-0.5877852522924355,-0.4285024259789998
0.5695,-0.3090169943749151,0.37272931765784956
0.5700000000000001,2.1566163277725183e-14,-0.13734375888673156
0.5705,0.3090169943749561,-0.015107777007789314
0.5710000000000001,0.5877852522925164,-0.08752094080731866
0.5715,0.8090169943749381,0.4413871822597217
0.5720000000000001,0.9510565162951624,0.4397046756308165
0.5725,1.0,1.3732557308910391
0.5730000000000001,0.9510565162951349,1.4493029952257817
0.5735,0.8090169943749526,1.1127388494081316
0.5740000000000001,0.5877852522924443,0.6399720490449475
0.5745,0.3090169943749253,-0.37138283293017
0.5750000000000001,-6.762897642221695e-14,-0.6910683012862774
0.5755,-0.30901699437494584,-0.7087228195433829
0.5760000000000001,-0.5877852522925077,-0.4758394098358629
0.5765,-0.8090169943749652,-0.30427299191205703
0.577,-0.9510565162951415,-0.3367905582894565
0.5775,-1.0,-0.7268090887959169
0.578,-0.9510565162951558,-0.9016170657445479
0.5785,-0.8090169943749255,-1.2177315067597776
0.579,-0.587785252292499,-0.9378622875423257
0.5795,-0.30901699437493557,-0.5865960978660539
0.58,4.951845092706862e-18,0.11827927806487887
0.5805,0.30901699437493557,0.5134224817694986
0.581,0.587785252292453,1.0690368318387582
0.5815,0.8090169943749589,1.1598615423730094
0.582,0.9510565162951382,1.0647547356746656
0.5825,1.0,0.49499506156450457
0.583,0.9510565162951591,0.2160716654673341
0.5835,0.8090169943749318,0.42015834700215443
0.584,0.5877852522925077,0.5245619566052897
0.5845,0.30901699437494584,0.7925537260819827
0.585,1.0775653871223532e-14,0.47775833164781895
0.5855,-0.3090169943749794,0.1483295315393459
0.586,-0.5877852522924443,-0.49700711252083574
0.5865,-0.8090169943749526,-1.3767584014378802
0.587,-0.9510565162951524,-1.4427007426051222
0.5875,-1.0,-1.4442395069374798
0.588,-0.9510565162951624,-0.910121453019766
0.5885,-0.8090169943749381,-0.32393192205460136
0.589,-0.5877852522924705,0.23862993501991647
0.5895,-0.3090169943749561,0.3358213867464989
0.59,-2.1556259587539768e-14,-0.203912835850023
0.5905,0.30901699437496916,-0.0032275732222596387
0.591,0.5877852522924816,0.09134746049589136
0.5915,0.8090169943749462,0.20143596004979064
0.592,0.9510565162951491,1.1017476991195418
0.5925,1.0,1.560653872579782
0.593,0.9510565162951657,1.6252822894001782
0.5935,0.8090169943749445,1.2948932148612748
0.594,0.5877852522924791,0.603143204662337
0.5945,0.30901699437491226,-0.04253652613279987
0.595,3.2336865303856006e-14,-0.6683708435137541
0.5955,-0.3090169943749589,-0.7093802002828218
0.596,-0.5877852522924728,-1.134241555702517
0.5965,-0.8090169943749733,-0.36153156773755746
0.597,-0.9510565162951458,-0.23904437044144572
0.5975,-1.0,-0.6418990489798068
0.598,-0.9510565162951515,-1.0780963869383586
0.5985,-0.8090169943749508,-1.7321257092615983
0.599,-0.5877852522924879,-0.9385546193895677
0.5995,-0.3090169943749225,-0.7167423595670691
0.6,1.3725947840635769e-14,-0.27370584320108093
0.6005,0.3090169943749486,0.6498570350336399
0.601,0.587785252292464,1.1563113548951818
0.6015,0.809016994374967,1.4223542851628257
0.602,0.9510565162951424,0.6236734984949844
0.6025,1.0,0.6016597203807342
0.603,0.9510565162951549,0.17784664930234126
0.6035,0.8090169943749237,0.09665391689020286
0.604,0.5877852522924966,0.6255336120568936
0.6045,0.3090169943749328,0.18563373038219388
0.605,-2.9453421243195312e-15,0.0537065028751077
0.6055,-0.30901699437499247,0.07505691591356978
0.606,-0.5877852522924554,-0.5712907287788018
0.6065,-0.8090169943749607,-1.4326260763895045
0.607,-0.9510565162951566,-1.7742502059691718
0.6075,-1.0,-1.3812706467686682
0.608,-0.9510565162951582,-1.113140272138347
0.6085,-0.8090169943749301,-0.4145362149334991
0.609,-0.5877852522924594,-0.03448167199146253
0.6095,-0.309016994374943,0.30607163441937735
0.61,-7.835263591996707e-15,-0.10859766839483748
0.6105,0.3090169943749822,-0.23850414606056872
0.611,0.5877852522924466,-0.4123843041280011
0.6115,0.8090169943749543,0.55352325404745
0.612,0.9510565162951533,1.0603810694580522
0.6125,1.0,1.2152556839611652
0.613,0.9510565162951615,1.5087976992284033
0.6135,0.8090169943749365,1.2696740952173458
0.614,0.587785252292468,0.5788162897140852
0.6145,0.3090169943748992,-0.4056715975167491
0.615,1.8615869308312946e-14,-0.4366628127218139
0.6155,-0.30901699437497193,-0.5333192041717816
0.616,-0.5877852522924839,-0.6059281641226126
0.6165,-0.8090169943749813,-0.27073086182483397
0.617,-0.95105651629515,-0.1583854763246377
0.6175,-1.0,-0.588618452975778
0.618,-0.9510565162951473,-1.0780041449216478
0.6185,-0.8090169943749428,-1.0010303385229016
0.619,-0.5877852522924768,-1.143641565823881
0.6195,-0.3090169943749095,-0.8123850273624765
0.62,2.744694383617883e-14,0.06013158731853402
0.6205,0.30901699437496166,0.7340570561435219
0.621,0.5877852522924751,1.4942082606522717
0.6215,0.809016994374975,1.3596952936119606
0.622,0.9510565162951466,0.9566369865331443
0.6225,1.0,0.20800292288434508
0.623,0.9510565162951506,0.11695283971184298
0.6235,0.8090169943749157,0.7202770318433495
0.624,0.5877852522924855,0.6491244011218519
0.6245,0.30901699437491975,0.5082288473957399
0.625,-1.6666338119862593e-14,0.5430608418675773
0.6255000000000001,-0.3090169943750055,0.09825387870109795
0.626,-0.5877852522924665,-1.147524612741266
0.6265000000000001,-0.8090169943749687,-1.2875760145694821
0.627,-0.9510565162951609,-1.4242931217692734
0.6275000000000001,-1.0,-1.3488327444827053
0.628,-0.951056516295154,-1.169913405596637
0.6285000000000001,-0.809016994374922,-0.347429980458505
0.629,-0.5877852522924483,-0.4494133570834813
0.6295000000000001,-0.30901699437492997,0.08111962360440358
0.63,5.885732403546356e-15,-0.1377358259895863
0.6305000000000001,0.30901699437499525,0.13643364446916023
0.631,0.5877852522924577,-0.033998927369710934
0.6315000000000001,0.8090169943749623,0.1621799034275285
0.632,0.9510565162951575,1.1066676058917133
0.6325000000000001,1.0,1.705161537540905
0.633,0.9510565162951573,1.5069829916909456
0.6335000000000001,0.8090169943749284,1.205081517535632
0.634,0.5877852522924569,0.2455345450702376
0.6345000000000001,0.30901699437488617,-0.16133395452282234
0.635,4.894873312769882e-15,-0.4425970244174435
0.6355000000000001,-0.309016994374985,-0.8380054121726106
0.636,-0.587785252292495,-0.37640689401073646
0.6365000000000001,-0.8090169943749894,-0.3819572123633777
0.637,-0.9510565162951542,-0.2848703481592443
0.6375000000000001,-1.0,-0.6496395666993421
0.638,-0.951056516295143,-0.9640544461142772
0.6385000000000001,-0.8090169943749347,-1.226393818553097
0.639,-0.5877852522924657,-1.4316932936546154
0.6395000000000001,-0.30901699437489644,-0.5691842349460142
0.64,-1.567547902908612e-14,-0.06388920772181134
0.6405,0.3090169943749207,0.592114523364597
0.641,0.5877852522924862,1.0869974777139813
0.6415,0.8090169943749497,1.0861844197522634
0.642,0.9510565162951509,0.7794822943545249
0.6425,1.0,0.4811215461114168
0.643,0.9510565162951463,0.4850656400031712
0.6435,0.8090169943749744,0.6474624476120243
0.644,0.5877852522924744,0.3449209078121016
0.6445,0.3090169943749608,0.5275427654827295
0.645,-3.038733411540566e-14,0.6051700689821519
0.6455,-0.3090169943749104,0.10977845356879885
0.646,-0.5877852522924776,-0.5508479749607301
0.6465,-0.8090169943749433,-1.3902319808480068
0.647,-0.9510565162951652,-1.2803787902434152
0.6475,-1.0,-1.4635344295977741
0.648,-0.9510565162951496,-1.121356797450557
0.6485,-0.8090169943749473,-0.5809577253316878
0.649,-0.5877852522924831,-0.18688483422950375
0.6495,-0.309016994374971,0.17815727230072614
0.65,1.9606728399089418e-14,-0.15499905843855236
0.6505,0.3090169943749542,-0.26904573376508023
0.651,0.5877852522924688,-0.1306769714748794
0.6515,0.809016994374937,0.173678216952995
0.652,0.9510565162951619,1.1535008098017543
0.6525,1.0,1.1281406623761812
0.653,0.951056516295153,1.1370300218344171
0.6535,0.8090169943749537,1.0521125345238242
0.654,0.5877852522924458,0.47974967625322984
0.6545,0.30901699437498126,0.18750952334928628
0.655,-8.82612268277318e-15,-0.8843930225810706
0.6555,-0.30901699437494395,-1.3805865740999677
0.656,-0.5877852522925061,-0.32728006187202713
0.6565,-0.8090169943749307,-0.4845252646647726
0.657,-0.9510565162951585,-0.2554053865811579
0.6575,-1.0,-0.581174268983386
0.658,-0.9510565162951388,-1.3115438088715519
0.6585,-0.80901699437496,-1.1926843912677427
0.659,-0.5877852522924546,-1.3221585936781477
0.6595,-0.30901699437493746,-0.8258873579232948
0.66,-1.9544830335430583e-15,0.4055327167029991
0.6605,0.30901699437493374,0.8877010684501638
0.661,0.5877852522924973,1.0296179109836152
0.6615,0.8090169943749244,1.0993060981136236
0.662,0.9510565162951552,1.1845229478625932
0.6625,1.0,0.40372514622362404
0.663,0.9510565162951421,0.24968240663206054
0.6635,0.8090169943749664,0.4318664643124555
0.664,0.5877852522924633,0.6909666815270176
0.6645,0.3090169943749477,0.46953759651624627
0.665,-4.4108330110948716e-14,0.5515955658403341
0.6655,-0.30901699437492347,-0.15563738192740567
0.666,-0.5877852522924887,-0.4000646717762231
0.6665,-0.8090169943749514,-1.2622884384294561
0.667,-0.9510565162951694,-1.4386429657553461
0.6675,-1.0,-1.3322548188489174
0.668,-0.9510565162951454,-0.967984596663669
0.6685,-0.8090169943749393,-0.6064105201133523
0.669,-0.587785252292472,0.17922169098719232
0.6695,-0.30901699437495794,-0.13554398336871382
0.67,3.332772439463248e-14,0.18806386719502569
0.6705,0.30901699437496727,-0.2774727766129249
0.671,0.5877852522924799,0.10632852255131098
0.6715,0.809016994374945,0.41623529062776904
0.672,0.9510565162951661,1.1336809689875755
0.6725,1.0,1.8044413405645712
0.673,0.9510565162951488,1.8988498428187865
0.6735,0.8090169943749457,1.0248060083561876
0.674,0.5877852522924347,0.6577205691731206
0.6745,0.3090169943749682,0.007096146373202286
0.675,-2.2547118678316243e-14,-0.5729453515963401
0.6755,-0.30901699437495705,-0.31094745869461604
0.676,-0.5877852522925172,-0.6600180225942702
0.6765,-0.8090169943749387,-0.11762476550485296
0.677,-0.9510565162951627,-0.4425493816239007
0.6775,-1.0,-0.6515718904274432
0.678,-0.9510565162951521,-0.7423168956997228
0.6785,-0.809016994374952,-0.9440283858699288
0.679,-0.5877852522924435,-1.3884636424352246
0.6795,-0.3090169943749244,-1.0257902519388251
0.68,1.1766512962000004e-14,0.02954993872417885
0.6805,0.3090169943749468,0.9341984796126428
0.681,0.5877852522925084,0.9323200929138408
0.6815,0.8090169943749324,1.0916918783052063
0.682,0.9510565162951594,0.7338968313190644
0.6825,1.0,0.9665949134634826
0.683,0.9510565162951379,0.40970206284561567
0.6835,0.8090169943749583,0.10762760991322912
0.684,0.5877852522924522,0.7822621921282146
0.6845,0.30901699437493463,0.8008449741356565
0.685,-5.782932610649178e-14,0.47913320678016413
0.6855,-0.3090169943749365,0.09078444912662807
0.686,-0.5877852522924998,-0.6289136710942035
0.6865,-0.8090169943749594,-1.0705384427545792
0.687,-0.9510565162951736,-1.5733692539356472
0.6875,-1.0,-0.7949897780830665
0.6880000000000001,-0.9510565162951412,-0.8075766287241708
0.6885,-0.8090169943749312,-0.3299429339816475
0.6890000000000001,-0.5877852522924609,-0.4261579629298983
0.6895,-0.3090169943749449,-0.1611478904590285
0.6900000000000001,4.704872039017554e-14,-0.15107000693803752
0.6905,0.30901699437492625,-0.18652653856646267
0.6910000000000001,0.587785252292491,0.1162835068256409
0.6915,0.8090169943749531,0.4675725455440134
0.6920000000000001,0.9510565162951703,0.9003231189876778
0.6925,1.0,1.4882450068814241
0.6930000000000001,0.9510565162951445,1.507377486442198
0.6935,0.8090169943749376,1.5360869638303374
0.6940000000000001,0.5877852522924236,0.6788953067086952
0.6945,0.30901699437495517,-0.1879367913821454
0.6950000000000001,-3.62681146738593e-14,-0.8261713867264449
0.6955,-0.3090169943749701,-1.0221251256798278
0.6960000000000001,-0.5877852522925283,-0.6501281620549187
0.6965,-0.8090169943749468,-0.2783610297193289
0.6970000000000001,-0.951056516295167,-0.4277845928776198
0.6975,-1.0,-0.6493037813727766
0.6980000000000001,-0.9510565162951479,-0.728861313140702
0.6985,-0.8090169943749439,-1.3445382677504938
0.6990000000000001,-0.5877852522924324,-1.3148498197043792
0.6995,-0.3090169943749654,-0.874728025465589
0.7000000000000001,2.5487508957543065e-14,0.09454513145426727
0.7005,0.30901699437495983,0.810885270463911
0.7010000000000001,0.5877852522925195,0.745945930150944
0.7015,0.8090169943749405,1.3838484396709858
0.7020000000000001,0.9510565162951636,0.9203379892784735
0.7025,1.0,0.5110729099988771
0.7030000000000001,0.9510565162951337,0.2899266715404443
0.7035,0.8090169943749502,0.6611931885075181
0.704,0.5877852522924871,0.7350264467483882
0.7045,0.3090169943749216,0.7239680363639235
0.705,4.213651561958119e-14,0.5319302011476913
0.7055,-0.30901699437494956,0.14609114281076319
0.706,-0.5877852522924649,-0.5840537559749923
0.7065,-0.8090169943749675,-1.4331940572454596
0.707,-0.9510565162951428,-1.4496648342872684
0.7075,-1.0,-1.157554332987646
0.708,-0.9510565162951545,-0.8010244384273214
0.7085,-0.8090169943749231,-0.3645821597528022
0.709,-0.5877852522924958,-0.24739878652153796
0.7095,-0.30901699437493185,0.15537432036797943
0.71,3.92629752491059e-15,0.15556079170001935
0.7105,0.30901699437493935,-0.1658136310636631
0.711,0.5877852522924562,-0.034846194983728415
0.7115,0.8090169943749612,0.1604228019904768
0.712,0.9510565162951394,0.8034310465103032
0.7125,1.0,1.57180129659855
0.713,0.9510565162951579,1.6731063758474802
0.7135,0.8090169943749295,1.4421042049628365
0.714,0.5877852522925046,0.7477478345327029
0.7145,0.3090169943749421,-0.17007301894265064
0.715,6.854308191405648e-15,-0.6999983492018531
0.7155,-0.30901699437498314,-0.959897844535183
0.716,-0.5877852522924475,-0.8510531852538795
0.7165,-0.8090169943749549,-0.6240255232387548
0.717,-0.9510565162951536,-0.12764431040241778
0.7175,-1.0,-0.8003291434671161
0.718,-0.9510565162951612,-1.2493705194836715
0.7185,-0.8090169943749358,-1.3746737006918839
0.719,-0.5877852522924673,-1.142202983571837
0.7195,-0.30901699437495234,-0.6663269991435716
0.72,-1.7634913907721887e-14,-0.10404774647523893
0.7205,0.3090169943749729,0.36084250499807125
0.721,0.5877852522924847,0.8454184132541984
0.7215,0.8090169943749486,1.3724046306315885
0.722,0.9510565162951503,0.7037721060441839
0.7225,1.0,0.6144416455524161
0.723,0.9510565162951645,-0.10186787280749915
0.7235,0.8090169943749421,0.55888659411575
0.724,0.587785252292476,0.8626128288365424
0.7245,0.30901699437490854,0.6265581571188181
0.725,2.8415519624038125e-14,0.4556099122491436
0.7255,-0.3090169943749626,0.37064819014477457
0.726,-0.587785252292476,-0.5892780708815002
0.7265,-0.8090169943749755,-1.128462841061756
0.727,-0.951056516295147,-1.5780328919714688
0.7275,-1.0,-1.6953387626104273
0.728,-0.9510565162951503,-0.8089659962279949
0.7285,-0.8090169943749486,-0.5095033642571829
0.729,-0.5877852522924847,-0.10040399470055986
0.7295,-0.3090169943749188,-0.3126208963072537
0.73,1.7647293520453652e-14,-0.3392188878433299
0.7305,0.3090169943749524,-0.3180282901574857
0.731,0.5877852522924673,0.17435956773664818
0.7315,0.8090169943749692,0.43752907677712105
0.732,0.9510565162951437,1.0537521487864745
0.7325,1.0,1.3837009925854753
0.733,0.9510565162951536,1.3118509365525197
0.7335,0.8090169943749215,1.1040140734898054
0.734,0.5877852522924935,0.33740081041264625
0.7345,0.3090169943749291,-0.1914530971507832
0.735,-6.8666878041374145e-15,-0.3586952977822766
0.7355,-0.3090169943749962,-0.7861850520465407
0.736,-0.5877852522924586,-0.3617256324872967
0.7365,-0.8090169943749629,-0.729882423804125
0.737,-0.9510565162951579,-0.5263656158587705
0.7375,-1.0,-0.8319059815369585
0.738,-0.951056516295157,-1.4632340178608807
0.7385,-0.8090169943749278,-1.2858374857327897
0.739,-0.5877852522924562,-1.567589296843917
0.7395,-0.3090169943749393,-0.8035033812716333
0.74,-3.9139179121788235e-15,-0.05751152083348392
0.7405,0.3090169943749859,0.6635412720784017
0.741,0.5877852522924498,1.0577582544030768
0.7415,0.8090169943749566,1.2644289573198364
0.742,0.9510565162951545,1.0860463645788851
0.7425,1.0,0.5705367180251132
0.743,0.9510565162951603,0.479246535378019
0.7435,0.8090169943749341,0.5219629240898884
0.744,0.5877852522924649,0.5104311099038982
0.7445,0.3090169943748955,0.4432471601578834
0.745,1.469452362849506e-14,0.7479562718623747
0.7455,-0.30901699437497565,-0.04747355853888824
0.746,-0.5877852522924871,-0.19729883270512782
0.7465,-0.8090169943749836,-1.1570993783640715
0.747,-0.9510565162951512,-1.9310481003125866
0.7475,-1.0,-1.2766051285517677
0.748,-0.9510565162951461,-1.1578694794071165
0.7485,-0.8090169943749405,-0.055864302735590066
0.749,-0.5877852522924736,0.05295879459830216
0.7495,-0.30901699437490576,0.3901401573463898
0.75,-2.54751293448113e-14,-0.002953663983967386
0.7505000000000001,0.30901699437496544,-0.3701314591772241
0.751,0.5877852522924784,0.03618948593090965
0.7515000000000001,0.8090169943749773,0.3884315814694992
0.752,0.9510565162951479,1.234256168966481
0.7525000000000001,1.0,1.8427320877320827
0.753,0.9510565162951494,1.1883989078150667
0.7535000000000001,0.8090169943749134,1.6669957774666242
0.754,0.5877852522924824,0.5198031585067182
0.7545000000000001,0.30901699437491603,-0.07774214019616299
0.755,-2.0587683799680478e-14,-0.7435980819433389
0.7555000000000001,-0.30901699437500924,-0.5421989117605629
0.756,-0.5877852522924697,-0.7587746034709236
0.7565000000000001,-0.809016994374971,-0.3124732789731127
0.757,-0.9510565162951621,-0.47395239114529625
0.7575000000000001,-1.0,-0.5355705209402786
0.758,-0.9510565162951528,-0.8719187772724579
0.7585000000000001,-0.8090169943749197,-1.5215740123481338
0.759,-0.587785252292445,-1.2649883220027445
0.7595000000000001,-0.30901699437492625,-0.7733250831520811
0.76,9.80707808336424e-15,-0.2949951287347446
0.7605000000000001,0.30901699437499897,0.631350178505034
0.761,0.5877852522924609,0.9287496704200924
0.7615000000000001,0.8090169943749647,1.5573759162358116
0.762,0.9510565162951587,0.948001604190102
0.7625000000000001,1.0,0.4608549663762334
0.763,0.9510565162951561,0.3676840830665356
0.7635000000000001,0.809016994374926,0.5374139693864992
0.764,0.5877852522924538,0.2781460581549193
0.7645000000000001,0.30901699437488245,0.836177357369053
0.765,9.73527632951999e-16,0.5167094705375097
0.7655000000000001,-0.3090169943749887,0.3507930424597637
0.766,-0.5877852522924982,-1.155291890915985
0.7665000000000001,-0.8090169943749917,-1.5177047396633494
0.767,-0.9510565162951554,-1.8658730020701635
0.7675000000000001,-1.0,-1.4535452033279055
0.768,-0.9510565162951419,-1.0124269320500834
0.7685,-0.8090169943749658,-0.2609245012620003
0.769,-0.5877852522924625,-0.2531025883473086
0.7695,-0.3090169943749468,0.10144820183883334
0.77,-1.1754133349268238e-14,0.1282547550436569
0.7705,0.3090169943749244,-0.29765698415639064
0.771,0.5877852522924895,-0.002451275201164822
0.7715,0.809016994374952,0.41902199846982857
0.772,0.9510565162951521,1.0713139199022041
0.7725,1.0,1.2412130252444742
0.773,0.9510565162951452,1.39396343695865
0.7735,0.8090169943749721,1.1333161227011324
0.774,0.5877852522924712,0.491717332447279
0.7745,0.309016994374957,-0.026636921013393378
0.775,-3.430867979522354e-14,-0.6178182085286327
0.7755,-0.30901699437491414,-0.7027765902718169
0.776,-0.5877852522924807,-0.8885843874007936
0.7765,-0.8090169943749457,-0.23442515149686427
0.777,-0.9510565162951663,-0.49461113497596343
0.7775,-1.0,-0.880905736365011
0.778,-0.9510565162951485,-0.979656981467092
0.7785,-0.809016994374945,-1.6226904521677468
0.779,-0.5877852522924799,-1.5478374962515802
0.7795,-0.30901699437496727,-0.828777416421908
0.78,2.3528074078907303e-14,0.29720831356223604
0.7805,0.30901699437495794,0.5555472779464976
0.781,0.587785252292472,1.1034504743189515
0.7815,0.8090169943749393,1.2053318079338453
0.782,0.9510565162951631,1.020378575020062
0.7825,1.0,0.8660698244940903
0.783,0.9510565162951519,0.07709499973608852
0.7835,0.8090169943749514,0.502315096331672
0.784,0.5877852522924427,0.22625201826897245
0.7845,0.30901699437497754,0.820483903258955
0.785,-1.2747468362591063e-14,0.5914488568524007
0.7855,-0.30901699437494773,-0.020801779488171523
0.786,-0.5877852522925093,-0.7467578077307341
0.7865,-0.809016994374933,-1.0571845214363262
0.787,-0.9510565162951596,-1.8921937814486625
0.7875,-1.0,-1.095012097498391
0.788,-0.9510565162951375,-0.9305801394581773
0.7885,-0.8090169943749578,-0.3316933037866655
0.789,-0.5877852522924514,0.137069037776115
0.7895,-0.30901699437493374,-0.15386202356215067
0.79,1.9668626462748253e-15,0.3364595571693127
0.7905,0.30901699437493746,-0.1255836761335403
0.791,0.5877852522925006,0.08131299794631167
0.7915,0.8090169943749266,0.2861579101746614
0.792,0.9510565162951563,0.9155438709706045
0.7925,1.0,1.4397885809670472
0.793,0.9510565162951409,1.6213140104190298
0.7935,0.8090169943749641,0.9704841954294345
0.794,0.5877852522924601,0.6103621093648217
0.7945,0.30901699437494395,-0.08188830198939526
0.795,-4.8029675790766604e-14,-0.9117915727948696
0.7955,-0.3090169943749272,-0.7045510122690438
0.796,-0.5877852522924918,-0.6285769656687814
0.7965,-0.8090169943749537,-0.343876363195038
0.797,-0.9510565162951706,-0.4964963982286015
0.7975,-1.0,-0.45042937624390356
0.798,-0.9510565162951442,-1.0935240197718215
0.7985,-0.809016994374937,-0.9269189387010955
0.799,-0.5877852522924688,-1.2560114549980268
0.7995,-0.3090169943749542,-0.9273284651469667
0.8,3.7249070074450366e-14,-0.15621441143316844
0.8005,0.309016994374971,1.061329198311788
0.801,0.5877852522924831,1.156224794348001
0.8015,0.8090169943749473,1.0169346155604457
0.802,0.9510565162951673,1.2817266391002098
0.8025,1.0,0.28878013754249354
0.803,0.9510565162951475,0.3033776004254521
0.8035,0.8090169943749433,-0.030640595033149254
0.804,0.5877852522924316,0.53196976381857
0.8045,0.3090169943749645,0.5897365662876074
0.805,-2.6468464358134125e-14,0.7314910582949596
0.8055,-0.3090169943749608,0.015470553032917056
0.806,-0.5877852522925204,-0.608162925882968
0.8065,-0.809016994374941,-1.4727093061485537
0.807,-0.951056516295164,-1.319290570923451
0.8075,-1.0,-1.3818107934981785
0.808,-0.9510565162951509,-0.9383862601992412
0.8085,-0.8090169943749497,-0.8765691279218537
0.809,-0.5877852522924403,-0.0551921930520404
0.8095,-0.30901699437492064,0.07442744072594598
0.81,1.5687858641817887e-14,0.32399699596851755
0.8105,0.3090169943749505,-0.17559159021014925
0.811,0.5877852522925117,0.20779348831510347
0.8115,0.8090169943749347,0.5587361170668879
0.812,0.9510565162951606,1.277548927888589
0.8125,1.0,1.401937453025286
0.8130000000000001,0.9510565162951367,1.8138768915973824
0.8135,0.809016994374956,1.38189736665311
0.8140000000000001,0.587785252292449,0.37287787553890417
0.8145,0.3090169943749309,0.0846611714568502
0.8150000000000001,-6.175067178630967e-14,-0.7522609202414495
0.8155,-0.3090169943749943,-1.0105476447579202
0.8160000000000001,-0.5877852522925029,-0.4792111616556523
0.8165,-0.8090169943749618,-0.2770453096134093
0.8170000000000001,-0.9510565162951573,-0.06779120973877617
0.8175,-1.0,-0.42125535600129443
0.8180000000000001,-0.9510565162951575,-0.8796825669261299
0.8185,-0.8090169943749623,-1.1336943386331637
0.8190000000000001,-0.5877852522924117,-1.2679490421797692
0.8195,-0.3090169943748871,-0.9103692802168419
0.8200000000000001,5.097006606999343e-14,-0.19156583313572806
0.8205,0.3090169943749841,0.5263467404297608
0.8210000000000001,0.5877852522924942,1.155966560311808
0.8215,0.8090169943749554,1.5132305175710385
0.8220000000000001,0.951056516295154,0.7668560490135636
0.8225,1.0,0.36475774785472315
0.8230000000000001,0.9510565162951258,0.4345165030236198
0.8235,0.8090169943749687,0.04181091424665451
0.8240000000000001,0.5877852522924205,0.2455759796734196
0.8245,0.3090169943748974,0.6738195017214291
0.8250000000000001,-4.018946035367719e-14,0.902494786136617
0.8255,-0.3090169943749738,0.013908366189384624
0.8260000000000001,-0.5877852522924855,-0.586656775857237
0.8265,-0.8090169943749491,-1.0850688410282543
0.8270000000000001,-0.9510565162951506,-1.3345976455218271
0.8275,-1.0,-1.4016016081583504
0.8280000000000001,-0.9510565162951291,-0.9718030802993194
0.8285,-0.8090169943749081,-0.15581116779238993
0.8290000000000001,-0.5877852522924292,0.2248367384148302
0.8295,-0.3090169943749076,0.1417206482761823
0.8300000000000001,2.9408854637360953e-14,0.15007152213695274
0.8305,0.30901699437496355,-0.2415905812938584
0.8310000000000001,0.5877852522924768,0.011441303165462768
0.8315,0.8090169943749428,0.36731964639270903
0.8320000000000001,0.9510565162951824,1.26842055256578
0.8325,1.0,1.0481477508075476
0.833,0.9510565162951675,1.3188825355845897
0.8335,0.8090169943749145,1.2732697246002858
0.834,0.5877852522925299,0.30044870547398694
0.8345,0.30901699437491786,-0.23778469239326555
0.835,-1.8628248921044712e-14,-0.47361643699607553
0.8355,-0.3090169943749533,-0.5007421169425899
0.836,-0.587785252292468,-0.41756019161716107
0.8365,-0.8090169943749365,0.314595818190665
0.837,-0.951056516295144,-0.4270695283990433
0.8375,-1.0,-0.7707972372576231
0.838,-0.9510565162951709,-1.125044392257673
0.8385,-0.8090169943749209,-1.2055484914494954
0.839,-0.5877852522924466,-0.9939224352706142
0.8395,-0.30901699437492813,-0.7994641516362925
0.84,7.847643204728474e-15,0.08041847002006569
0.8405,0.30901699437494307,0.7168479370468879
0.841,0.5877852522924594,1.1619525050569046
0.8415,0.8090169943749301,0.9610485674489089
0.842,0.9510565162951407,0.5496683575407546
0.8425,1.0,0.5412968247457925
0.843,0.9510565162951742,0.4009328227414329
0.8435,0.8090169943749272,0.2798326136174233
0.844,0.5877852522924554,0.5918066279373694
0.8445,0.30901699437493835,0.4566877164006033
0.845,2.932962511587764e-15,0.35867241474732936
0.8455,-0.3090169943749328,0.00623943498516949
0.846,-0.5877852522924506,-0.9526045506361889
0.8465,-0.8090169943749905,-1.530081278709134
0.847,-0.9510565162951373,-1.1565236230730636
0.8475,-1.0,-1.364416123131997
0.848,-0.9510565162951424,-0.828196379215584
0.8485,-0.8090169943749336,-0.0910337259383674
0.849,-0.587785252292464,0.02298429725868669
0.8495,-0.3090169943749486,0.35299291587726955
0.85,-1.3713568227904002e-14,0.25609735513566
0.8505,0.3090169943749225,-0.20469807808667775
0.851,0.5877852522924419,-0.21446004105001204
0.8515,0.8090169943749842,0.44073242814296343
0.852,0.951056516295134,1.076907656169148
0.8525,1.0,1.4505785430172264
0.853,0.9510565162951458,1.596989486465529
0.8535,0.8090169943749399,1.1935259671496679
0.854,0.5877852522924728,0.7108938329543697
0.8545,0.3090169943749589,-0.30827934546558533
0.855,2.449417394422024e-14,-0.5565301292683716
0.8555,-0.3090169943750204,-0.8508962837527364
0.856,-0.5877852522924332,-0.436018793923417
0.8565,-0.8090169943749779,-0.49460767781900905
0.857,-0.9510565162951657,-1.0444354701850433
0.8575,-1.0,-0.49128669364088245
0.858,-0.9510565162951491,-0.8513527304383162
0.8585,-0.8090169943749462,-1.394918824906258
0.859,-0.5877852522924816,-1.417406901946865
0.8595,-0.30901699437496916,-1.0051372269851246
0.86,-3.527477966053648e-14,-0.03300249456510018
0.8605,0.3090169943750102,0.7562000047024432
0.861,0.5877852522924245,1.2853711300198611
0.8615,0.8090169943749715,1.1558087409331754
0.862,0.9510565162951624,0.9510078096907182
0.8625,1.0,0.4696415858417323
0.863,0.9510565162951524,0.672273570552129
0.8635,0.8090169943749526,0.39303252357258694
0.864,0.5877852522924902,0.03669968921867417
0.8645,0.3090169943748713,0.8811750288729977
0.865,4.605538537685272e-14,0.8371140588143384
0.8655,-0.3090169943749999,0.21269222885595093
0.866,-0.5877852522925077,-0.24990666274162626
0.8665,-0.8090169943749652,-1.52150828278022
0.867,-0.9510565162951591,-1.7314399656833976
0.8675,-1.0,-1.7373079074646929
0.868,-0.9510565162951558,-0.8870704525266604
0.8685,-0.8090169943749589,-0.4868885320904317
0.869,-0.587785252292499,0.32595763437564845
0.8695,-0.3090169943748815,0.20205440410823022
0.87,5.685084662844708e-14,0.09090770899415436
0.8705,0.30901699437498964,-0.2638625226145306
0.871,0.587785252292499,-0.1560351498098904
0.8715,0.8090169943749589,-0.036274809964469024
0.872,0.9510565162951558,1.0180623836091516
0.8725,1.0,1.230948533425856
0.873,0.9510565162951591,1.349189331123895
0.8735,0.8090169943748984,1.681347734716919
0.874,0.5877852522925077,0.5686919012238777
0.8745,0.3090169943748918,-0.4223441275681648
0.875,-4.6070240912130835e-14,-0.8867441234751418
0.8755000000000001,-0.3090169943749794,-0.8742973694855026
0.876,-0.5877852522924902,-0.5012993677225224
0.8765000000000001,-0.8090169943749526,-0.20803704035788004
0.877,-0.9510565162951524,-0.41097323094118143
0.8775000000000001,-1.0,-0.5134692502077364
0.878,-0.9510565162951624,-0.7074880605977836
0.8785000000000001,-0.8090169943749047,-0.8575092893123508
0.879,-0.5877852522924244,-1.2914330424662284
0.8795000000000001,-0.30901699437490204,-0.7303920862820815
0.88,3.52896351958146e-14,0.10663464172031836
0.8805000000000001,0.30901699437496916,0.7184918984767662
0.881,0.5877852522924816,1.2529658020706858
0.8815000000000001,0.8090169943749462,1.201401027818759
0.882,0.9510565162951491,1.198186996782991
0.8825000000000001,1.0,0.4154080947075206
0.883,0.9510565162951657,0.2697632128108802
0.8835000000000001,0.809016994374911,0.8313891880432709
0.884,0.5877852522924332,0.43552498402199863
0.8845000000000001,0.30901699437491226,0.7256624814766139
0.885,-2.450902947949836e-14,0.6013913252506238
0.8855000000000001,-0.3090169943749589,0.4195799635185999
0.886,-0.5877852522924728,-0.2866913398596229
0.8865000000000001,-0.8090169943750067,-1.4082139344423
0.887,-0.9510565162951458,-1.8693875837721095
0.8875000000000001,-1.0,-1.5236668528296207
0.888,-0.951056516295134,-0.8469811257166591
0.8885000000000001,-0.8090169943749174,-0.5623551691739408
0.889,-0.5877852522924418,-0.3495503728027608
0.8895000000000001,-0.3090169943749225,0.3075676457241281
0.89,1.3728423763182123e-14,-0.07530349899738357
0.8905000000000001,0.3090169943749486,-0.33395197467952925
0.891,0.587785252292464,-0.11305064871124558
0.8915000000000001,0.8090169943750004,0.20984396852158949
0.892,0.9510565162951424,1.1947700551418574
0.8925000000000001,1.0,1.6054541098771626
0.893,0.9510565162951373,1.4249535511179814
0.8935000000000001,0.8090169943749237,1.1963534063555905
0.894,0.5877852522924506,0.441658620272512
0.8945000000000001,0.3090169943749328,-0.0008142868075842052
0.895,-2.9478180468658846e-15,-0.5625779255248023
0.8955000000000001,-0.30901699437504654,-0.6203580197766755
0.896,-0.5877852522924554,-1.1742493627336232
0.8965,-0.8090169943749272,-0.126315473061122
0.897,-0.9510565162951742,-0.07304762325150999
0.8975,-1.0,-0.13700260457936364
0.898,-0.9510565162951407,-0.9177632699630047
0.8985,-0.80901699437493,-1.4586606644383027
0.899,-0.5877852522924594,-1.2830475261796979
0.8995,-0.309016994374943,-0.5709263775407137
0.9,-7.832787669450353e-15,-0.04896557650905745
0.9005,0.30901699437492813,0.7871198377381912
0.901,0.5877852522924466,1.012939996695061
0.9015,0.8090169943749209,1.415132405508873
0.902,0.9510565162951709,1.170324667001846
0.9025,1.0,0.4784434637436755
0.903,0.951056516295144,0.23207421908901382
0.9035,0.8090169943749365,0.3339387404068334
0.904,0.587785252292468,0.6422116999466072
0.9045,0.3090169943749533,0.7523846555331628
0.905,1.8613393385766592e-14,0.7039958534094635
0.9055,-0.30901699437491786,0.5321333954709735
0.906,-0.5877852522925299,-0.670760263301678
0.9065,-0.8090169943749146,-1.182647418995552
0.907,-0.9510565162951675,-1.9847069065783127
0.9075,-1.0,-1.2665697970183014
0.908,-0.9510565162951473,-0.503457369229897
0.9085,-0.8090169943749428,-0.18367819879816416
0.909,-0.5877852522924768,0.1955714670652634
0.9095,-0.30901699437496355,0.30353800226717265
0.91,-2.939399910208283e-14,-0.281433659648738
0.9105,0.30901699437490765,-0.0874452986029456
0.911,0.5877852522925212,0.07383106739937292
0.9115,0.8090169943749081,0.4565662055183454
0.912,0.9510565162951642,1.16934774267627
0.9125,1.0,1.514255281009031
0.913,0.9510565162951506,1.510435954706361
0.9135,0.8090169943749491,1.2817360795808723
0.914,0.5877852522924855,0.8167328366600426
0.9145,0.3090169943749738,0.005116924641181228
0.915,-7.351223290321697e-14,-0.6590217605386188
0.9155,-0.3090169943748974,-0.879832494660395
0.916,-0.5877852522925124,-0.5898650894520616
0.9165,-0.8090169943749687,-0.565333135764555
0.917,-0.9510565162951609,-0.4734318437439141
0.9175,-1.0,-0.42750637683971243
0.918,-0.951056516295154,-0.8146736939638362
0.9185,-0.8090169943749554,-1.2990589430282928
0.919,-0.5877852522924942,-1.0868085734997384
0.9195,-0.30901699437498403,-0.6036512889537322
0.92,6.273162718690073e-14,-0.08135259776815738
0.9205,0.30901699437499525,0.5312214864437482
0.921,0.5877852522925038,1.2676387308945365
0.9215,0.8090169943749623,1.6154945030239607
0.922,0.9510565162951575,1.1159815483341147
0.9225,1.0,0.6674131101264354
0.923,0.9510565162951573,0.33333918373129406
0.9235,0.8090169943749618,0.3288514275247076
0.924,0.587785252292411,0.7437878241545556
0.9245,0.3090169943749943,1.4501418943437487
0.925,-5.1951021470584486e-14,0.4115664936353509
0.9255,-0.309016994374985,-0.40387898797358507
0.926,-0.587785252292495,-0.9936346524347368
0.9265,-0.809016994374956,-1.2419270715110955
0.927,-0.9510565162951542,-1.269727325331403
0.9275,-1.0,-1.2239628520731012
0.928,-0.9510565162951606,-0.9274393949975902
0.9285,-0.8090169943749681,-0.22506009718523856
0.929,-0.5877852522924196,-0.19763733878622863
0.9295,-0.30901699437489644,-0.14678638342993383
0.93,4.117041575426825e-14,0.024273722610766716
0.9305,0.30901699437497476,-0.52327983415889
0.931,0.5877852522924862,-0.20173326668470498
0.9315,0.8090169943749497,0.8551294351115879
0.932,0.9510565162951509,0.8813970401401475
0.9325,1.0,1.383986262125085
0.933,0.9510565162951288,1.5360068453113611
0.9335,0.8090169943749744,1.597163161666811
0.934,0.5877852522924284,0.3643304125138086
0.9345,0.3090169943749067,0.03007437702392249
0.935,-3.038981003795201e-14,-0.8423135309146021
0.9355,-0.3090169943749645,-0.9086027532443233
0.936,-0.5877852522924776,-0.2729845846349641
0.9365,-0.8090169943749433,-0.4941547923828315
0.937,-0.9510565162951827,0.06603574597155187
0.9375,-1.0,-0.437395798156187
0.9380000000000001,-0.9510565162951321,-0.926028805439947
0.9385,-0.8090169943749139,-1.262405937045575
0.9390000000000001,-0.5877852522924372,-1.1184720024167751
0.9395,-0.3090169943749169,-0.9447015464306253
0.9400000000000001,1.9609204321635772e-14,0.1821636296435803
0.9405,0.3090169943749542,0.4815167311471718
0.9410000000000001,0.5877852522924688,1.385008701416235
0.9415,0.809016994374937,1.2762769268371086
0.9420000000000001,0.9510565162951794,1.0926469265106062
0.9425,1.0,0.5138069848048473
0.9430000000000001,0.9510565162951354,0.4821929582197355
0.9435,0.8090169943749203,-0.06800977548513432
0.9440000000000001,0.5877852522924458,0.4887723819056752
0.9445,0.3090169943749272,0.9945958197119739
0.9450000000000001,-8.828598605319534e-15,0.5225006743869007
0.9455,-0.309016994374944,0.1450329416082335
0.9460000000000001,-0.5877852522925521,-0.4701192316785694
0.9465,-0.8090169943749307,-1.3848063758250693
0.9470000000000001,-0.9510565162951761,-1.7526498234877668
0.9475,-1.0,-1.6309507179201572
0.9480000000000001,-0.9510565162951388,-0.9333978627883117
0.9485,-0.8090169943749266,-0.4525495689072111
0.9490000000000001,-0.5877852522924546,0.012166834757422884
0.9495,-0.30901699437493746,0.38091381188609946
0.9500000000000001,-1.952007110996705e-15,0.07446703133005854
0.9505,0.30901699437493374,0.0909027021179738
0.9510000000000001,0.5877852522925434,-0.26631454165482665
0.9515,0.8090169943749244,1.032161333399316
0.9520000000000001,0.9510565162951727,0.8242271510485483
0.9525,1.0,1.4425317727574714
0.9530000000000001,0.9510565162951421,1.201227325434504
0.9535,0.809016994374933,1.7448286133809439
0.9540000000000001,0.5877852522924633,0.8724058508699317
0.9545,0.3090169943749477,-0.2211041688893038
0.9550000000000001,-1.0095422489430308e-13,-0.5920850063699691
0.9555,-0.30901699437492347,-0.8443209668091822
0.9560000000000001,-0.5877852522925346,-0.5026691352388593
0.9565,-0.8090169943749849,-0.20645257962784566
0.9570000000000001,-0.9510565162951694,-0.4100112751651174
0.9575,-1.0,-0.7296837660377196
0.9580000000000001,-0.9510565162951454,-0.6797689088705652
0.9585,-0.8090169943749393,-1.0543778829070791
0.9590000000000001,-0.587785252292472,-1.1394076688177723
0.9595,-0.30901699437495794,-0.7660033172670324
0.96,-2.351321854362918e-14,0.020370746107851535
0.9605,0.3090169943749132,1.0763563592560188
0.961,0.587785252292434,1.357167342486369
0.9615,0.8090169943749784,1.1533478635108052
0.962,0.9510565162951309,1.0096048957316621
0.9625,1.0,0.47604451739897724
0.963,0.9510565162951488,0.24334828111041606
0.9635,0.8090169943749457,0.3977389986576632
0.964,0.5877852522924807,0.6593604708549186
0.9645,0.3090169943749682,0.9464099491645036
0.965,3.429382425994542e-14,0.4195148519777236
0.9655,-0.30901699437501107,0.06617683213372522
0.966,-0.5877852522924253,-0.3391156115793108
0.9665,-0.8090169943749721,-1.2135198395174471
0.967,-0.9510565162951627,-1.6446603364121688
0.9675,-1.0,-1.2309948107491162
0.968,-0.9510565162951521,-1.1860054980598842
0.9685,-0.809016994374952,-0.2946252165495212
0.969,-0.5877852522924895,-0.18343412714584156
0.9695,-0.3090169943749784,-0.2953105226699746
0.97,-4.5074429976261656e-14,0.06567533603117665
0.9705,0.30901699437500085,0.2324060871953057
0.971,0.5877852522925084,0.11876446433199819
0.9715,0.8090169943749658,0.07701375249929815
0.972,0.9510565162951594,0.8555332744698149
0.9725,1.0,1.0569226747686613
0.973,0.9510565162951554,1.547858198574232
0.9735,0.8090169943749583,1.1869670685097389
0.974,0.5877852522924982,0.6064161921424348
0.9745,0.30901699437488056,-0.053231300738603965
0.975,5.5855035692577894e-14,-0.6506912847628176
0.9755,-0.3090169943749906,-0.716008880704148
0.976,-0.5877852522924998,-0.5948156938107604
0.9765,-0.8090169943749594,-0.5015467838170198
0.977,-0.9510565162951561,-0.17823620458601203
0.9775,-1.0,-0.5975998464129869
0.978,-0.9510565162951587,-0.7978029914038094
0.9785,-0.8090169943749647,-1.2965287713135003
0.979,-0.5877852522925069,-1.0008614837844048
0.9795,-0.30901699437489083,-0.7041292621619724
0.98,4.70511963127219e-14,-0.15014885574234257
0.9805,0.3090169943749803,0.5913039736997754
0.981,0.587785252292491,1.2961345217059312
0.9815,0.8090169943749531,0.9552222146136624
0.982,0.9510565162951528,1.0352667452093673
0.9825,1.0,0.33860347339060193
0.983,0.9510565162951621,0.3622278609822179
0.9835,0.8090169943749042,0.5584825822756032
0.984,0.5877852522925157,0.5339699279725008
0.9845,0.3090169943749011,0.7795058445482336
0.985,-3.627059059640566e-14,0.5664325281853162
0.9855,-0.3090169943749701,-0.0863443145279966
0.986,-0.5877852522924824,-0.4230125684088438
0.9865,-0.8090169943749468,-0.6064292518183968
0.987,-0.9510565162951494,-1.593685249417035
0.9875,-1.0,-1.161303485376589
0.988,-0.9510565162951654,-0.9744141114934468
0.9885,-0.8090169943749105,-0.5983799345641387
0.989,-0.5877852522924324,-0.17278543764828996
0.9895,-0.30901699437491137,0.3149613155288139
0.99,2.548998488008942e-14,0.3423978193223425
0.9905,0.30901699437495983,-0.20387121748203973
0.991,0.5877852522924736,0.3292896181923516
0.9915,0.8090169943749405,0.46175664472328626
0.992,0.9510565162951461,1.1391350748163873
0.9925,1.0,1.2881772821074295
0.993,0.9510565162951687,1.576088200605583
0.9935,0.8090169943749168,0.8951481986781646
0.994,0.587785252292441,0.8306439191348753
0.9945,0.3090169943749216,0.004420503499278763
0.995,-1.470937916377318e-14,-0.2732289547552413
0.9955,-0.30901699437494956,-0.36897629633130713
0.996,-0.5877852522924649,-0.6534010796825855
0.9965,-0.809016994375001,-0.051032962866532194
0.997,-0.9510565162951428,-0.4303745583544274
0.9975,-1.0,-0.5848643790712
0.998,-0.951056516295137,-0.5476804052292601
0.9985,-0.8090169943749231,-1.559130426382728
0.999,-0.5877852522924498,-1.3715570721824537
0.9995,-0.30901699437493185,-0.8086837313896268
